finish_id,title,matched_finish_date,first_pass_calendar_minutes,first_pass_wall_clock_minutes,first_pass_overlap_policy_minutes,reading_calendar_minutes,reading_wall_clock_minutes,reading_overlap_policy_minutes,audiobook_calendar_minutes,audiobook_wall_clock_minutes,audiobook_overlap_policy_minutes,finished_calendar_minutes,finished_wall_clock_minutes,finished_overlap_policy_minutes,n_included_events,first_event,last_event,primary_first_pass_minutes,primary_minutes_rule,calendar_overlap_delta_minutes,overlap_policy_restored_minutes,read_instance,is_reread,previous_finish_date,days_since_previous_finish,chosen_word_count,word_count_source,word_count_confidence,local_file_path,local_file_match_score,local_file_word_count,local_raw_word_count,local_excluded_word_count,local_word_count_method,local_file_error,external_word_count,external_word_count_source,metadata_page_count,metadata_word_estimate,online_minus_local_words,online_error_rate_vs_local,online_abs_error_rate_vs_local,category,highlighted_words,highlight_count,my_note_words,wpm_first_pass_primary,wpm_first_pass_wall_clock,wpm_first_pass_full_wall_clock,audiobook_primary_minutes,non_audio_primary_minutes,audiobook_share_of_primary_minutes,estimated_audio_words_at_350wpm,estimated_visual_words_after_audio_350wpm,wpm_visual_after_audio_350wpm,audio_dominant,wpm_reading_only_calendar,highlight_words_per_10k_words,finish_year,uses_local_file_word_count,usable_for_speed,usable_for_confident_speed,usable_for_duration_screened_speed,usable_for_visual_reading_speed,duration_screen_exclusion_reason,estimated_pages_for_density,highlight_count_per_page,my_note_words_per_page
finish_0007,Writing That Works: Third Edition,2022-01-06,225.0,225.0,225.0,135.0,135.0,135.0,0.0,0.0,0.0,90.0,90.0,90.0,5,2022-01-03,2022-01-06,225.0,calendar_analysis_duration_with_gt15m_overlap_restored,0.0,0.0,1,False,,,44795.0,local_file_word_count,high,"/Users/clarkbenham/side_projects/data/Books/Writing That Works_ How to Communicate Effectively In Business-Kenneth Roman, Joel Raphaelson - Collins Reference (2000).epub",85.0,44795.0,45497.0,702.0,epub_spine_body_sections,,,,152.0,41800.0,,,,"Business, management",0.0,0.0,0.0,199.0888888888889,199.0888888888889,199.0888888888889,0.0,225.0,0.0,0.0,44795.0,199.0888888888889,False,331.81481481481484,0.0,2022,True,True,True,True,True,,152.0,0.0,0.0
finish_0013,Dune Messiah,2022-02-19,187.5,300.0,300.0,112.5,225.0,225.0,0.0,0.0,0.0,75.0,75.0,75.0,4,2022-02-18,2022-02-19,300.0,calendar_analysis_duration_with_gt15m_overlap_restored,112.5,112.5,1,False,,,77540.0,local_file_word_count,high,/Users/clarkbenham/side_projects/data/Books/(Dune Chronicles volume 2) Frank Herbert - Dune Messiah-Ace Books (2008).epub,90.0,77540.0,77551.0,11.0,epub_spine_body_sections,,64000.0,https://www.readinglength.com/book/BX9oRzY,278.0,76450.0,-13540.0,-0.1746195511993809,0.1746195511993809,fiction,0.0,0.0,0.0,258.46666666666664,258.46666666666664,258.46666666666664,0.0,300.0,0.0,0.0,77540.0,258.46666666666664,False,689.2444444444444,0.0,2022,True,True,True,True,True,,278.0,0.0,0.0
finish_0018,"Sadly, Porn",2022-04-23,1132.5,1155.0,1132.5,1087.5,1110.0,1087.5,0.0,0.0,0.0,45.0,45.0,45.0,12,2022-02-22,2022-04-23,1132.5,calendar_analysis_duration_with_gt15m_overlap_restored,22.5,0.0,1,False,,,299624.0,local_file_word_count,high,"/Users/clarkbenham/side_projects/data/Books/Sadly, Porn (2021) - Edward Teach.epub",90.0,299624.0,299625.0,1.0,epub_spine_body_sections,,,,,,,,,,0.0,0.0,0.0,264.56865342163354,259.4147186147186,259.4147186147186,0.0,1132.5,0.0,0.0,299624.0,264.56865342163354,False,275.51632183908043,0.0,2022,True,True,True,True,True,,1089.5418181818181,0.0,0.0
finish_0021,screwtape letters,2022-05-14,195.0,195.0,195.0,75.0,75.0,75.0,0.0,0.0,0.0,120.0,120.0,120.0,2,2022-05-13,2022-05-14,195.0,calendar_analysis_duration_with_gt15m_overlap_restored,0.0,0.0,1,False,,,31129.0,local_file_word_count,high,/Users/clarkbenham/side_projects/data/Books/The Screwtape Letters-C. S. Lewis -#keep#.epub,90.0,31129.0,31324.0,195.0,epub_spine_body_sections,,40000.0,https://www.readinglength.com/work/WPCt7r2,160.0,44000.0,8871.0,0.2849754248449998,0.2849754248449998,Literature,6402.0,130.0,0.0,159.63589743589745,159.63589743589745,159.63589743589745,0.0,195.0,0.0,0.0,31129.0,159.63589743589745,False,415.05333333333334,2056.6031674644223,2022,True,True,True,True,True,,160.0,0.8125,0.0
finish_0050,screwtape letters,2023-05-03,120.0,120.0,120.0,90.0,90.0,90.0,0.0,0.0,0.0,30.0,30.0,30.0,4,2023-05-01,2023-05-03,120.0,calendar_analysis_duration_with_gt15m_overlap_restored,0.0,0.0,2,True,2022-05-14,354.0,31129.0,local_file_word_count,high,/Users/clarkbenham/side_projects/data/Books/The Screwtape Letters-C. S. Lewis -#keep#.epub,90.0,31129.0,31324.0,195.0,epub_spine_body_sections,,40000.0,https://www.readinglength.com/work/WPCt7r2,160.0,44000.0,8871.0,0.2849754248449998,0.2849754248449998,Literature,6402.0,130.0,0.0,259.40833333333336,259.40833333333336,259.40833333333336,0.0,120.0,0.0,0.0,31129.0,259.40833333333336,False,345.8777777777778,2056.6031674644223,2023,True,False,False,False,False,,160.0,0.8125,0.0
finish_0052,starship troopers,2023-06-20,174.99999999999997,285.0,285.0,75.0,75.0,75.0,0.0,0.0,0.0,99.99999999999996,210.0,210.0,3,2023-06-12,2023-06-20,285.0,calendar_analysis_duration_with_gt15m_overlap_restored,110.00000000000004,110.00000000000004,1,False,,,86699.0,local_file_word_count,high,/Users/clarkbenham/side_projects/data/Books/Starship Troopers Robert A. Heinlein - (1987).pdf,90.0,86699.0,86699.0,0.0,pdf_repeated_header_footer_body_pages,,52000.0,https://www.readinglength.com/book/BstO0A6,233.0,64075.0,-34699.0,-0.4002237626731565,0.4002237626731565,fiction,0.0,0.0,0.0,304.20701754385965,304.20701754385965,304.20701754385965,0.0,285.0,0.0,0.0,86699.0,304.20701754385965,False,1155.9866666666667,0.0,2023,True,True,True,True,True,,233.0,0.0,0.0
finish_0053,Stranger in a Strange Land,2023-07-05,592.5,675.0,667.5,442.5,525.0,517.5,0.0,0.0,0.0,150.0,150.0,150.0,10,2023-07-02,2023-07-05,667.5,calendar_analysis_duration_with_gt15m_overlap_restored,82.5,75.0,1,False,,,167906.0,local_file_word_count,high,/Users/clarkbenham/side_projects/data/Books/Stranger in a strange land -Robert A. Heinlein - Ace Books (1961).pdf,90.0,167906.0,170584.0,2678.0,pdf_repeated_header_footer_body_pages,,109500.0,https://www.readinglength.com/book/BtRmrhy,438.0,120450.0,-58406.0,-0.3478493919216704,0.3478493919216704,fiction,2371.0,66.0,0.0,251.5445692883895,248.74962962962962,248.74962962962962,0.0,667.5,0.0,0.0,167906.0,251.5445692883895,False,379.44858757062144,141.20996271723465,2023,True,True,True,True,True,,438.0,0.1506849315068493,0.0
finish_0055,The Moon Is A Harsh Mistress,2023-07-26,435.0,435.0,435.0,330.0,330.0,330.0,0.0,0.0,0.0,105.0,105.0,105.0,4,2023-07-25,2023-07-26,435.0,calendar_analysis_duration_with_gt15m_overlap_restored,0.0,0.0,1,False,,,120469.0,local_file_word_count,high,/Users/clarkbenham/side_projects/data/Books/The Moon Is a Harsh Mistress - Robert A. Heinlein - (1987).pdf,90.0,120469.0,120469.0,0.0,pdf_repeated_header_footer_body_pages,,95500.0,https://www.readinglength.com/book/BKfozRz,360.0,99000.0,-24969.0,-0.2072649395280113,0.2072649395280113,fiction,0.0,0.0,0.0,276.9402298850575,276.9402298850575,276.9402298850575,0.0,435.0,0.0,0.0,120469.0,276.9402298850575,False,365.05757575757576,0.0,2023,True,True,True,True,True,,360.0,0.0,0.0
finish_0057,Player of Games,2023-08-17,420.0,420.0,420.0,225.0,225.0,225.0,0.0,0.0,0.0,195.0,195.0,195.0,5,2023-08-14,2023-08-17,420.0,calendar_analysis_duration_with_gt15m_overlap_restored,0.0,0.0,1,False,,,116409.0,local_file_word_count,high,/Users/clarkbenham/side_projects/data/Books/The Player of Games - Iain M. Banks - Orbit (2008).epub,90.0,116409.0,116433.0,24.0,epub_spine_body_sections,,,,320.0,88000.0,,,,fiction,1754.0,50.0,76.0,277.1642857142857,277.1642857142857,277.1642857142857,0.0,420.0,0.0,0.0,116409.0,277.1642857142857,False,517.3733333333333,150.67563504540027,2023,True,True,True,True,True,,320.0,0.15625,0.2375
finish_0063,out of the silent planet,2023-12-05,225.0,225.0,225.0,165.0,165.0,165.0,0.0,0.0,0.0,60.0,60.0,60.0,4,2023-11-30,2023-12-05,225.0,calendar_analysis_duration_with_gt15m_overlap_restored,0.0,0.0,1,False,,,59431.0,local_file_word_count,high,data/Books/Out of the Silent Planet by CS Lewis.pdf,100.0,59431.0,60078.0,647.0,pdf_repeated_header_footer_body_pages,,57757.0,https://www.gutenberg.ca/ebooks/lewiscs-outofthesilentplanet/lewiscs-outofthesilentplanet-00-h.html,174.0,47850.0,-1674.0,-0.0281671181706516,0.0281671181706516,fiction,0.0,0.0,0.0,264.1377777777778,264.1377777777778,264.1377777777778,0.0,225.0,0.0,0.0,59431.0,264.1377777777778,False,360.1878787878788,0.0,2023,True,True,True,True,True,,174.0,0.0,0.0
finish_0064,Perelandra by CS Lewis book 2.pdf,2023-12-10,315.0,315.0,315.0,225.0,225.0,225.0,0.0,0.0,0.0,90.0,90.0,90.0,8,2023-12-05,2023-12-10,315.0,calendar_analysis_duration_with_gt15m_overlap_restored,0.0,0.0,1,False,,,86344.0,local_file_word_count,high,/Users/clarkbenham/side_projects/data/Books/Perelandra by CS Lewis book 2.pdf,100.0,86344.0,87422.0,1078.0,pdf_repeated_header_footer_body_pages,,,,223.0,61325.0,,,,fiction,0.0,0.0,0.0,274.10793650793653,274.10793650793653,274.10793650793653,0.0,315.0,0.0,0.0,86344.0,274.10793650793653,False,383.75111111111113,0.0,2023,True,True,True,True,True,,223.0,0.0,0.0
finish_0065,that hideous strength,2023-12-14,380.0,480.0,480.0,365.0,465.0,465.0,0.0,0.0,0.0,15.0,15.0,15.0,9,2023-12-11,2023-12-14,480.0,calendar_analysis_duration_with_gt15m_overlap_restored,100.0,100.0,1,False,,,159372.0,local_file_word_count,high,/Users/clarkbenham/side_projects/data/Books/That Hideous Strength by CS Lewis.pdf,90.0,159372.0,161007.0,1635.0,pdf_repeated_header_footer_body_pages,,,,382.0,105050.0,,,,fiction,0.0,0.0,0.0,332.025,332.025,332.025,0.0,480.0,0.0,0.0,159372.0,332.025,False,436.6356164383562,0.0,2023,True,True,True,True,True,,382.0,0.0,0.0
finish_0066,The Screwtape Letters,2023-12-22,120.0,120.0,120.0,0.0,0.0,0.0,0.0,0.0,0.0,120.0,120.0,120.0,1,2023-12-22,2023-12-22,120.0,calendar_analysis_duration_with_gt15m_overlap_restored,0.0,0.0,1,False,,,31129.0,local_file_word_count,high,/Users/clarkbenham/side_projects/data/Books/The Screwtape Letters-C. S. Lewis -#keep#.epub,90.0,31129.0,31324.0,195.0,epub_spine_body_sections,,40000.0,https://www.readinglength.com/work/WPCt7r2,160.0,44000.0,8871.0,0.2849754248449998,0.2849754248449998,Literature,6402.0,130.0,0.0,259.40833333333336,259.40833333333336,259.40833333333336,0.0,120.0,0.0,0.0,31129.0,259.40833333333336,False,inf,2056.6031674644223,2023,True,True,True,True,True,,160.0,0.8125,0.0
finish_0071,how to win friends and influence people,2024-02-24,292.5,315.0,307.5,262.5,285.0,277.5,0.0,0.0,0.0,30.0,30.0,30.0,10,2023-08-27,2024-02-24,307.5,calendar_analysis_duration_with_gt15m_overlap_restored,22.5,15.0,1,False,,,80456.0,local_file_word_count,high,"/Users/clarkbenham/side_projects/data/Books/How to Win Friends and Influence People -- Carnegie, Dale -- 2009 -- Simon and Schuster.epub",90.0,80456.0,80457.0,1.0,epub_spine_body_sections,,72000.0,https://www.readinglength.com/book/B13Et31,276.0,75900.0,-8456.0,-0.1051009247290444,0.1051009247290444,"Business, management",0.0,0.0,0.0,261.64552845528453,255.41587301587302,255.41587301587302,0.0,307.5,0.0,0.0,80456.0,261.64552845528453,False,306.49904761904764,0.0,2024,True,True,True,True,True,,276.0,0.0,0.0
finish_0075,The Checklist Manifesto,2024-03-19,105.0,105.0,105.0,0.0,0.0,0.0,0.0,0.0,0.0,105.0,105.0,105.0,1,2024-03-19,2024-03-19,105.0,calendar_analysis_duration_with_gt15m_overlap_restored,0.0,0.0,1,False,,,56909.0,local_file_word_count,high,"/Users/clarkbenham/side_projects/data/Books/The Checklist Manifesto- How to Get Things Right - Gawande, Atul.epub",90.0,56909.0,58116.0,1207.0,epub_spine_body_sections,,60000.0,https://www.readinglength.com/work/WmSu2Qp,209.0,57475.0,3091.0,0.0543147832504524,0.0543147832504524,"Business, management",6154.0,104.0,4.0,541.9904761904762,541.9904761904762,541.9904761904762,0.0,105.0,0.0,0.0,56909.0,541.9904761904762,False,inf,1081.3755293538807,2024,True,True,True,True,True,,209.0,0.49760765550239233,0.019138755980861243
finish_0081,Methuselah's Children,2024-05-15,165.0,165.0,165.0,120.0,120.0,120.0,0.0,0.0,0.0,45.0,45.0,45.0,2,2024-05-15,2024-05-15,165.0,calendar_analysis_duration_with_gt15m_overlap_restored,0.0,0.0,1,False,,,67250.0,local_file_word_count,high,"/Users/clarkbenham/side_projects/data/Books/Methuselah's Children - Heinlein, Robert Anson.epub",90.0,67250.0,67250.0,0.0,epub_spine_body_sections,,,,,,,,,,0.0,0.0,0.0,407.57575757575756,407.57575757575756,407.57575757575756,0.0,165.0,0.0,0.0,67250.0,407.57575757575756,False,560.4166666666666,0.0,2024,True,True,True,True,True,,244.54545454545453,0.0,0.0
finish_0084,50 essays by george orwell,2024-06-19,907.5,975.0,967.5,802.5,870.0,862.5,0.0,0.0,0.0,105.0,105.0,105.0,20,2024-06-09,2024-06-19,967.5,calendar_analysis_duration_with_gt15m_overlap_restored,67.5,60.0,1,False,,,232021.0,local_file_word_count,high,/Users/clarkbenham/side_projects/data/Books/ 50 Essays by George Orwell.lit,100.0,232021.0,232021.0,0.0,lit_raw_text,no_section_level_body_filter_available,,,346.0,95150.0,,,,Literature,20023.0,298.0,86.0,239.81498708010335,237.9702564102564,237.9702564102564,0.0,967.5,0.0,0.0,232021.0,239.81498708010335,False,289.1227414330218,862.9822300567622,2024,True,True,True,True,True,,346.0,0.861271676300578,0.24855491329479767
finish_0088,what is man and other essays,2024-08-07,75.0,75.0,75.0,60.0,60.0,60.0,0.0,0.0,0.0,15.0,15.0,15.0,2,2024-08-07,2024-08-07,75.0,calendar_analysis_duration_with_gt15m_overlap_restored,0.0,0.0,1,False,,,101021.0,local_file_word_count,high,"/Users/clarkbenham/side_projects/data/Books/What is Man_ and Other Essays, by Mark Twain.pdf",90.0,101021.0,107422.0,6401.0,pdf_repeated_header_footer_body_pages,,,,375.0,103125.0,,,,Literature,0.0,0.0,0.0,1346.9466666666667,1346.9466666666667,1346.9466666666667,0.0,75.0,0.0,0.0,101021.0,1346.9466666666667,False,1683.6833333333334,0.0,2024,True,True,True,False,False,calendar_time_lte_90_minutes,375.0,0.0,0.0
finish_0094,The Oxford Book of Short Stories,2024-09-14,742.0916666666667,795.0,770.0,712.0916666666667,765.0,740.0,0.0,0.0,0.0,30.0,30.0,30.0,22,2024-08-08,2024-09-14,770.0,calendar_analysis_duration_with_gt15m_overlap_restored,52.9083333333333,27.908333333333303,1,False,,,231362.0,local_file_word_count,high,/Users/clarkbenham/side_projects/data/Books/The Oxford Book of Short Stories - V. S. Pritchett.epub,90.0,231362.0,231363.0,1.0,epub_spine_body_sections,all_non_front_sections_reclassified_as_body,,,547.0,150425.0,,,,Literature,4537.0,67.0,0.0,300.4701298701299,291.02138364779876,291.02138364779876,0.0,770.0,0.0,0.0,231362.0,300.4701298701299,False,324.9047992416707,196.0996187792291,2024,True,True,True,True,True,,547.0,0.12248628884826325,0.0
finish_0095,Red Plenty,2024-09-19,600.0,600.0,600.0,585.0,585.0,585.0,0.0,0.0,0.0,15.0,15.0,15.0,10,2024-09-17,2024-09-19,600.0,calendar_analysis_duration_with_gt15m_overlap_restored,0.0,0.0,1,False,,,141066.0,local_file_word_count,high,"/Users/clarkbenham/side_projects/data/Books/Red Plenty - F Spufford - (2010, Faber and Faber).epub",90.0,141066.0,172213.0,31147.0,epub_spine_body_sections,,,,434.0,119350.0,,,,General Reading,14255.0,172.0,52.0,235.11,235.11,235.11,0.0,600.0,0.0,0.0,141066.0,235.11,False,241.13846153846154,1010.5198984872329,2024,True,True,True,True,True,,434.0,0.39631336405529954,0.11981566820276497
finish_0096,The innocence of Father Brown,2024-09-25,255.0,255.0,255.0,240.0,240.0,240.0,0.0,0.0,0.0,15.0,15.0,15.0,9,2024-06-12,2024-09-25,255.0,calendar_analysis_duration_with_gt15m_overlap_restored,0.0,0.0,1,False,,,83563.0,local_file_word_count,high,/Users/clarkbenham/side_projects/data/Books/The innocence of Father Brown by G. K. Chesterton.epub,90.0,83563.0,83772.0,209.0,epub_spine_body_sections,,,,208.0,57200.0,,,,General Reading,0.0,0.0,0.0,327.69803921568626,327.69803921568626,327.69803921568626,0.0,255.0,0.0,0.0,83563.0,327.69803921568626,False,348.1791666666667,0.0,2024,True,True,True,True,True,,208.0,0.0,0.0
finish_0098,Brief Interviews with Hideous Men,2024-10-09,397.5,420.0,420.0,382.5,405.0,405.0,0.0,0.0,0.0,15.0,15.0,15.0,10,2024-09-14,2024-10-09,420.0,calendar_analysis_duration_with_gt15m_overlap_restored,22.5,22.5,1,False,,,109804.0,local_file_word_count,high,"/Users/clarkbenham/side_projects/data/Books/Brief Interviews with Hideous Men - Wallace, David Foster (1999).epub",90.0,109804.0,109940.0,136.0,epub_spine_body_sections,,,,281.0,77275.0,,,,Literature,3880.0,47.0,0.0,261.43809523809523,261.43809523809523,261.43809523809523,0.0,420.0,0.0,0.0,109804.0,261.43809523809523,False,287.0692810457516,353.35689045936397,2024,True,True,True,True,True,,281.0,0.16725978647686832,0.0
finish_0100,self help is like a vaccine,2024-10-11,82.5,90.0,82.5,67.5,75.0,67.5,0.0,0.0,0.0,15.0,15.0,15.0,2,2024-10-10,2024-10-11,82.5,calendar_analysis_duration_with_gt15m_overlap_restored,7.5,0.0,1,False,,,34342.0,local_file_word_count,high,/Users/clarkbenham/side_projects/data/Books/Self-Help Is Like a Vaccine- Essays on Living Better  by Bryan Caplan.epub,90.0,34342.0,34712.0,370.0,epub_spine_body_sections,,,,,,,,,General Reading,4173.0,43.0,392.0,416.26666666666665,381.5777777777778,381.5777777777778,0.0,82.5,0.0,0.0,34342.0,416.26666666666665,False,508.77037037037036,1215.1301613185021,2024,True,True,True,False,False,calendar_time_lte_90_minutes,124.88,0.34433055733504164,3.1390134529147984
finish_0101,the goal,2024-10-12,422.49999999999994,422.49999999999994,422.49999999999994,414.99999999999994,414.99999999999994,414.99999999999994,0.0,0.0,0.0,7.5,7.5,7.5,9,2024-09-21,2024-10-12,422.49999999999994,calendar_analysis_duration_with_gt15m_overlap_restored,0.0,0.0,1,False,,,143587.0,local_file_word_count,high,"/Users/clarkbenham/side_projects/data/Books/The goal_ a process of ongoing improvement  -Eliyahu M. Goldratt, Jeff Cox - North River Press 2004.epub",90.0,143587.0,143785.0,198.0,epub_spine_body_sections,,102000.0,https://www.readinglength.com/work/WbLKyCZ,,,-41587.0,-0.2896292839881048,0.2896292839881048,,0.0,0.0,0.0,339.85088757396454,339.85088757396454,339.85088757396454,0.0,422.49999999999994,0.0,0.0,143587.0,339.85088757396454,False,345.9927710843374,0.0,2024,True,True,True,True,True,,522.1345454545454,0.0,0.0
finish_0103,The Doomsday Machine,2024-10-24,562.5,570.0,562.5,487.5,495.0,487.5,0.0,0.0,0.0,75.0,75.0,75.0,5,2024-10-23,2024-10-24,562.5,calendar_analysis_duration_with_gt15m_overlap_restored,7.5,0.0,1,False,,,139990.0,local_file_word_count,high,"/Users/clarkbenham/side_projects/data/Books/The Doomsday Machine_ Confessions of a Nuclear War Planner - Daniel Ellsberg -  (2017, Bloomsbury USA).epub",90.0,139990.0,170223.0,30233.0,epub_spine_body_sections,,,,,,,,,"Business, management",22409.0,308.0,422.0,248.8711111111111,245.59649122807016,245.59649122807016,0.0,562.5,0.0,0.0,139990.0,248.8711111111111,False,287.1589743589744,1600.7571969426388,2024,True,True,True,True,True,,509.05454545454546,0.6050432173726694,0.8289877848417744
finish_0105,How to Fail at Almost Everything and Still Win Big,2024-10-31,180.0,210.0,195.0,90.0,105.0,90.0,0.0,0.0,0.0,90.0,105.0,105.0,4,2024-10-22,2024-10-31,195.0,calendar_analysis_duration_with_gt15m_overlap_restored,30.0,15.0,1,False,,,83794.0,local_file_word_count,high,"/Users/clarkbenham/side_projects/data/Books/How to fail at almost everything and still win big _ kind of the story of my life - Adams, Scott - Penguin Books Ltd_Portfolio_Penguin (2013).epub",90.0,83794.0,88975.0,5181.0,epub_spine_body_sections,,,,248.0,68200.0,,,,"Business, management",6308.0,116.0,138.0,429.7128205128205,399.0190476190476,399.0190476190476,0.0,195.0,0.0,0.0,83794.0,429.7128205128205,False,931.0444444444445,752.7985297276654,2024,True,True,True,True,True,,248.0,0.46774193548387094,0.5564516129032258
finish_0107,IMPRO Improvisation and the Theatre,2024-11-09,165.0,165.0,165.0,135.0,135.0,135.0,0.0,0.0,0.0,30.0,30.0,30.0,4,2024-11-02,2024-11-09,165.0,calendar_analysis_duration_with_gt15m_overlap_restored,0.0,0.0,1,False,,,86008.0,local_file_word_count,high,"/Users/clarkbenham/side_projects/data/Books/Impro_ Improvisation and the Theatre - Keith Johnstone - (2016, Bloomsbury).epub",90.0,86008.0,86272.0,264.0,epub_spine_body_sections,,,,208.0,57200.0,,,,General Reading,7383.0,138.0,102.0,521.260606060606,521.260606060606,521.260606060606,0.0,165.0,0.0,0.0,86008.0,521.260606060606,False,637.0962962962963,858.4085201376616,2024,True,True,True,True,True,,208.0,0.6634615384615384,0.49038461538461536
finish_0108,Downfall,2024-11-17,225.0,225.0,225.0,135.0,135.0,135.0,0.0,0.0,0.0,90.0,90.0,90.0,4,2024-11-15,2024-11-17,225.0,calendar_analysis_duration_with_gt15m_overlap_restored,0.0,0.0,1,False,,,55612.0,local_file_word_count,high,"/Users/clarkbenham/side_projects/data/Books/ Downfall_ Prigozhin, Putin, and the New Fight for the Future of Russia - Anna Arutunyan_ Mark Galeotti - (2024, Ebury Publishing).epub",82.0,55612.0,66362.0,10750.0,epub_spine_body_sections,,,,,,,,,"Business, management",8168.0,168.0,122.0,247.16444444444446,247.16444444444446,247.16444444444446,0.0,225.0,0.0,0.0,55612.0,247.16444444444446,False,411.94074074074075,1468.7477522836798,2024,True,True,True,True,True,,202.22545454545454,0.8307559519528159,0.6032870603466878
finish_0109,Designing Machine Learning Systems,2024-11-21,225.0,225.0,225.0,90.0,90.0,90.0,0.0,0.0,0.0,135.0,135.0,135.0,2,2024-11-19,2024-11-21,225.0,calendar_analysis_duration_with_gt15m_overlap_restored,0.0,0.0,1,False,,,130648.0,local_file_word_count,high,"/Users/clarkbenham/side_projects/data/Books/Designing Machine Learning Systems_ An Iterative Process for Production-Ready Applications - Chip Huyen -  (2022, O'Reilly Media).epub",90.0,130648.0,137549.0,6901.0,epub_spine_body_sections,,,,386.0,106150.0,,,,Machine Learning,7297.0,175.0,196.0,580.6577777777778,580.6577777777778,580.6577777777778,0.0,225.0,0.0,0.0,130648.0,580.6577777777778,False,1451.6444444444444,558.5236666462556,2024,True,True,True,True,True,,386.0,0.4533678756476684,0.5077720207253886
finish_0110,"Declare_ A novel - Powers, Tim.pdf",2024-11-28,532.5,540.0,532.5,262.5,270.0,262.5,0.0,0.0,0.0,270.0,270.0,270.0,5,2024-11-21,2024-11-28,532.5,calendar_analysis_duration_with_gt15m_overlap_restored,7.5,0.0,1,False,,,212326.0,local_file_word_count,high,"/Users/clarkbenham/side_projects/data/Books/Declare_ A novel - Powers, Tim.pdf",100.0,212326.0,212506.0,180.0,pdf_repeated_header_footer_body_pages,,,,528.0,145200.0,,,,fiction,0.0,0.0,0.0,398.73427230046946,393.1962962962963,393.1962962962963,0.0,532.5,0.0,0.0,212326.0,398.73427230046946,False,808.8609523809524,0.0,2024,True,True,True,True,True,,528.0,0.0,0.0
finish_0112,machine learning engineering,2024-12-12,212.5,220.0,212.5,167.5,175.0,167.5,0.0,0.0,0.0,45.0,45.0,45.0,6,2024-12-02,2024-12-12,212.5,calendar_analysis_duration_with_gt15m_overlap_restored,7.5,0.0,1,False,,,106950.0,local_file_word_count,high,/Users/clarkbenham/side_projects/data/Books/Machine Learning Engineering - Andriy Burkov - (2020).pdf,90.0,106950.0,107355.0,405.0,pdf_repeated_header_footer_body_pages,,,,301.0,82775.0,,,,Machine Learning,0.0,0.0,0.0,503.29411764705884,486.1363636363636,486.1363636363636,0.0,212.5,0.0,0.0,106950.0,503.29411764705884,False,638.5074626865671,0.0,2024,True,True,True,True,True,,301.0,0.0,0.0
finish_0113,nonviolent communication,2024-12-17,225.0,225.0,225.0,210.0,210.0,210.0,0.0,0.0,0.0,15.0,15.0,15.0,6,2024-12-06,2024-12-17,225.0,calendar_analysis_duration_with_gt15m_overlap_restored,0.0,0.0,1,False,,,77611.0,local_file_word_count,high,/Users/clarkbenham/side_projects/data/Books/Nonviolent Communication_ A Language of Life_ Life-Changing -- Marshall B_ Rosenberg -- 2015 -- Puddledancer Press.epub,90.0,77611.0,77612.0,1.0,epub_spine_body_sections,,,,,,,,,General Reading,5630.0,123.0,86.0,344.9377777777778,344.9377777777778,344.9377777777778,0.0,225.0,0.0,0.0,77611.0,344.9377777777778,False,369.5761904761905,725.4126348069218,2024,True,True,True,True,True,,282.2218181818182,0.435827395601139,0.3047248457048614
finish_0114,the art of military innovation,2024-12-19,457.5,465.0,457.5,427.5,435.0,427.5,0.0,0.0,0.0,30.0,30.0,30.0,10,2024-12-14,2024-12-19,457.5,calendar_analysis_duration_with_gt15m_overlap_restored,7.5,0.0,1,False,,,114980.0,local_file_word_count,high,"/Users/clarkbenham/side_projects/data/Books/The Art of Military Innovation_ Lessons from the Israel Defense Forces - Edward N. Luttwak_ Eitan Shamir - (2023, Harvard University Press) [10.4159_9780674295148].pdf",90.0,114980.0,118042.0,3062.0,pdf_repeated_header_footer_body_pages,,,,,,,,,"Business, management",12776.0,218.0,642.0,251.3224043715847,247.2688172043011,247.2688172043011,0.0,457.5,0.0,0.0,114980.0,251.3224043715847,False,268.9590643274854,1111.1497651765524,2024,True,True,True,True,True,,418.1090909090909,0.5213950252217777,1.5354844320751435
finish_0117,Apollo: The Race to the Moon,2025-01-02,622.5,630.0,622.5,450.0,450.0,450.0,0.0,0.0,0.0,172.5,180.0,172.5,4,2024-12-30,2025-01-02,622.5,calendar_analysis_duration_with_gt15m_overlap_restored,7.5,0.0,1,False,,,201215.0,local_file_word_count,high,"/Users/clarkbenham/side_projects/data/Books/Apollo_ The Race to the Moon - Murray, Charles _ Cox, Catherine Bly - (1989, Simon & Schuster).epub",90.0,201215.0,201859.0,644.0,epub_spine_body_sections,,,,512.0,140800.0,,,,"Business, management",31523.0,421.0,392.0,323.23694779116465,319.3888888888889,319.3888888888889,0.0,622.5,0.0,0.0,201215.0,323.23694779116465,False,447.14444444444445,1566.6327063091717,2025,True,True,True,True,True,,512.0,0.822265625,0.765625
finish_0118,best of Isaac Asimov,2025-01-10,390.0,390.0,390.0,360.0,360.0,360.0,0.0,0.0,0.0,30.0,30.0,30.0,7,2025-01-09,2025-01-10,390.0,calendar_analysis_duration_with_gt15m_overlap_restored,0.0,0.0,1,False,,,113961.0,local_file_word_count,high,/Users/clarkbenham/side_projects/data/Books/The Best of Isaac Asimov - Isaac Asimov - (2005).epub,90.0,113961.0,113962.0,1.0,epub_spine_body_sections,,,,,,,,,fiction,4344.0,64.0,164.0,292.2076923076923,292.2076923076923,292.2076923076923,0.0,390.0,0.0,0.0,113961.0,292.2076923076923,False,316.55833333333334,381.18303630189274,2025,True,True,True,True,True,,414.40363636363634,0.15443879923833592,0.39574942304823585
finish_0119,parkinson's law,2025-01-15,150.0,150.0,150.0,120.0,120.0,120.0,0.0,0.0,0.0,30.0,30.0,30.0,4,2022-05-23,2025-01-15,150.0,calendar_analysis_duration_with_gt15m_overlap_restored,0.0,0.0,1,False,,,28939.0,local_file_word_count,high,"/Users/clarkbenham/side_projects/data/Books/Parkinson’s Law, and Other Studies in Administration-Cyril Northcote Parkinson - Houghton Mifflin (1957).pdf",90.0,28939.0,29045.0,106.0,pdf_repeated_header_footer_body_pages,,,,140.0,38500.0,,,,"Business, management",0.0,0.0,0.0,192.92666666666668,192.92666666666668,192.92666666666668,0.0,150.0,0.0,0.0,28939.0,192.92666666666668,False,241.15833333333333,0.0,2025,True,True,True,True,True,,140.0,0.0,0.0
finish_0120,how to succeed at business without really trying,2025-01-16,90.0,90.0,90.0,0.0,0.0,0.0,0.0,0.0,0.0,90.0,90.0,90.0,1,2025-01-16,2025-01-16,90.0,calendar_analysis_duration_with_gt15m_overlap_restored,0.0,0.0,1,False,,,21457.0,local_file_word_count,high,"/Users/clarkbenham/side_projects/data/Books/How to Succeed in Business Without Really Trying - Shepherd Mead - (1952, Simon and Schuster).pdf",85.0,21457.0,22124.0,667.0,pdf_repeated_header_footer_body_pages,,,,,,,,,"Business, management",0.0,0.0,0.0,238.4111111111111,238.4111111111111,238.4111111111111,0.0,90.0,0.0,0.0,21457.0,238.4111111111111,False,inf,0.0,2025,True,True,True,False,False,calendar_time_lte_90_minutes,78.02545454545455,0.0,0.0
finish_0121,Life and Fate,2025-01-22,1065.0,1125.0,1095.0,975.0,1035.0,1005.0,0.0,0.0,0.0,90.0,90.0,90.0,17,2025-01-04,2025-01-22,1095.0,calendar_analysis_duration_with_gt15m_overlap_restored,60.0,30.0,1,False,,,337014.0,local_file_word_count,high,"/Users/clarkbenham/side_projects/data/Books/Life And Fate - Grossman, Vasily - (Orange Inheritance Edition) (2011, Random House).epub",90.0,337014.0,337300.0,286.0,epub_spine_body_sections,,220000.0,https://www.readinglength.com/book/BRhPVDd,487.0,133925.0,-117014.0,-0.3472081278522554,0.3472081278522554,Literature,26672.0,254.0,160.0,307.7753424657534,299.568,299.568,0.0,1095.0,0.0,0.0,337014.0,307.7753424657534,False,345.6553846153846,791.4211279056656,2025,True,True,True,True,True,,487.0,0.5215605749486653,0.32854209445585214
finish_0122,Monday Starts on Saturday,2025-01-27,195.0,210.0,210.0,150.0,165.0,165.0,0.0,0.0,0.0,45.0,45.0,45.0,6,2025-01-26,2025-01-27,210.0,calendar_analysis_duration_with_gt15m_overlap_restored,15.0,15.0,1,False,,,86555.0,local_file_word_count,high,"/Users/clarkbenham/side_projects/data/Books/Monday Starts on Saturday - Strugatsky, Boris - (2017, Chicago Review Press).epub",90.0,86555.0,86756.0,201.0,epub_spine_body_sections,,,,304.0,83600.0,,,,fiction,2818.0,38.0,16.0,412.1666666666667,412.1666666666667,412.1666666666667,0.0,210.0,0.0,0.0,86555.0,412.1666666666667,False,577.0333333333333,325.57333487377963,2025,True,True,True,True,True,,304.0,0.125,0.05263157894736842
finish_0123,Kelly my share of it all,2025-01-28,300.0,300.0,300.0,195.0,195.0,195.0,0.0,0.0,0.0,105.0,105.0,105.0,5,2025-01-24,2025-01-28,300.0,calendar_analysis_duration_with_gt15m_overlap_restored,0.0,0.0,1,False,,,69319.0,local_file_word_count,high,"/Users/clarkbenham/side_projects/data/Books/Kelly_ More Than My Share of It All -- Clarence L_ Johnson, Maggie Smith -- 2012.epub",80.0,69319.0,69433.0,114.0,epub_spine_body_sections,,,,,,,,,General Reading,0.0,0.0,0.0,231.06333333333333,231.06333333333333,231.06333333333333,0.0,300.0,0.0,0.0,69319.0,231.06333333333333,False,355.48205128205126,0.0,2025,True,True,True,True,True,,252.0690909090909,0.0,0.0
finish_0124,Atomic Habits,2025-02-01,157.5,165.0,157.5,135.0,135.0,135.0,0.0,0.0,0.0,22.5,30.0,22.5,4,2025-01-28,2025-02-01,157.5,calendar_analysis_duration_with_gt15m_overlap_restored,7.5,0.0,1,False,,,62708.0,local_file_word_count,high,"/Users/clarkbenham/side_projects/data/Books/Atomic habits_ an easy and proven way to build good habits and break bad ones - Clear, James - (2018, Random House Business Books).epub",90.0,62708.0,80712.0,18004.0,epub_spine_body_sections,,51925.0,https://www.readinglength.com/book/BDlao2D,322.0,88550.0,-10783.0,-0.1719557313261465,0.1719557313261465,General Reading,4507.0,104.0,64.0,398.1460317460317,380.04848484848486,380.04848484848486,0.0,157.5,0.0,0.0,62708.0,398.1460317460317,False,464.5037037037037,718.7280729731453,2025,True,True,True,True,True,,322.0,0.32298136645962733,0.19875776397515527
finish_0125,rlhf,2025-02-03,120.0,120.0,120.0,75.0,75.0,75.0,0.0,0.0,0.0,45.0,45.0,45.0,2,2025-02-01,2025-02-03,120.0,calendar_analysis_duration_with_gt15m_overlap_restored,0.0,0.0,1,False,,,47606.0,local_file_word_count,high,/Users/clarkbenham/side_projects/data/Books/Reinforcement Learning from Human Feedback_ jun 11_ A short introduction to RLHF and post-training focused on language models - Nathan Lambert.pdf,82.0,47606.0,48371.0,765.0,pdf_repeated_header_footer_body_pages,,,,,,,,,,0.0,0.0,0.0,396.71666666666664,396.71666666666664,396.71666666666664,0.0,120.0,0.0,0.0,47606.0,396.71666666666664,False,634.7466666666667,0.0,2025,True,True,True,True,True,,173.11272727272728,0.0,0.0
finish_0128,screwtape letters,2025-03-05,75.0,75.0,75.0,45.0,45.0,45.0,0.0,0.0,0.0,30.0,30.0,30.0,4,2025-03-03,2025-03-05,75.0,calendar_analysis_duration_with_gt15m_overlap_restored,0.0,0.0,3,True,2023-05-03,672.0,31129.0,local_file_word_count,high,/Users/clarkbenham/side_projects/data/Books/The Screwtape Letters-C. S. Lewis -#keep#.epub,90.0,31129.0,31324.0,195.0,epub_spine_body_sections,,40000.0,https://www.readinglength.com/work/WPCt7r2,160.0,44000.0,8871.0,0.2849754248449998,0.2849754248449998,Literature,6402.0,130.0,0.0,415.05333333333334,415.05333333333334,415.05333333333334,0.0,75.0,0.0,0.0,31129.0,415.05333333333334,False,691.7555555555556,2056.6031674644223,2025,True,False,False,False,False,,160.0,0.8125,0.0
finish_0130,the pale king,2025-03-21,660.0,667.5,660.0,600.0,607.5,600.0,0.0,0.0,0.0,60.0,60.0,60.0,7,2025-03-18,2025-03-21,660.0,calendar_analysis_duration_with_gt15m_overlap_restored,7.5,0.0,1,False,,,212632.0,local_file_word_count,high,"/Users/clarkbenham/side_projects/data/Books/The Pale King- An Unfinished Novel - Wallace, David Foster - (2011, Little, Brown and Company).epub",90.0,212632.0,213241.0,609.0,epub_spine_body_sections,,,,,,,,,Literature,14941.0,166.0,350.0,322.169696969697,318.5498127340824,318.5498127340824,0.0,660.0,0.0,0.0,212632.0,322.169696969697,False,354.38666666666666,702.6694006546521,2025,True,True,True,True,True,,773.2072727272728,0.21469016893035855,0.4526599947326837
finish_0131,the Oxford book of essays,2025-03-22,240.0,300.0,285.0,195.0,210.0,195.0,0.0,0.0,0.0,45.0,90.0,90.0,9,2024-08-19,2025-03-22,285.0,calendar_analysis_duration_with_gt15m_overlap_restored,60.0,45.0,1,False,,,283993.0,local_file_word_count,high,/Users/clarkbenham/side_projects/data/Books/The Oxford Book of Essays-John J. Gross - Oxford University Press (1991).pdf,90.0,283993.0,284186.0,193.0,pdf_repeated_header_footer_body_pages,,,,,,,,,Literature,0.0,0.0,0.0,996.4666666666667,946.6433333333333,946.6433333333333,0.0,285.0,0.0,0.0,283993.0,996.4666666666667,False,1456.374358974359,0.0,2025,True,True,True,True,True,,1032.7018181818182,0.0,0.0
finish_0132,12 rules for life,2025-03-23,412.5,412.5,412.5,352.5,352.5,352.5,0.0,0.0,0.0,60.0,60.0,60.0,11,2024-11-14,2025-03-23,412.5,calendar_analysis_duration_with_gt15m_overlap_restored,0.0,0.0,1,False,,,142469.0,local_file_word_count,high,"/Users/clarkbenham/side_projects/data/Books/12 Rules for Life [Hardcover] and Maps of Meaning) 12 Rules for Life_ An Antidote to Ch - Jordan B. Peterson - (2018, Penguin Books Ltd_ Allen Lane).epub",90.0,142469.0,151490.0,9021.0,epub_spine_body_sections,,,,,,,,,General Reading,11157.0,186.0,92.0,345.37939393939394,345.37939393939394,345.37939393939394,0.0,412.5,0.0,0.0,142469.0,345.37939393939394,False,404.16737588652484,783.1177308747867,2025,True,True,True,True,True,,518.069090909091,0.3590254722079891,0.17758249162975803
finish_0133,the pentagon wars,2025-03-31,337.5,345.0,337.5,262.5,270.0,262.5,0.0,0.0,0.0,75.0,75.0,75.0,7,2025-03-25,2025-03-31,337.5,calendar_analysis_duration_with_gt15m_overlap_restored,7.5,0.0,1,False,,,121017.0,local_file_word_count,high,"/Users/clarkbenham/side_projects/data/Books/The Pentagon Wars_ Reformers Challenge the Old Guard - James G. Burton - (2014, US Naval Institute Press).epub",90.0,121017.0,135747.0,14730.0,epub_spine_body_sections,,,,,,,,,"Business, management",16132.0,238.0,772.0,358.56888888888886,350.7739130434783,350.7739130434783,0.0,337.5,0.0,0.0,121017.0,358.56888888888886,False,461.01714285714286,1333.0358544667279,2025,True,True,True,True,True,,440.0618181818182,0.5408331060925324,1.7542989827875421
finish_0134,you just dont understand,2025-04-18,307.5,315.0,307.5,285.0,285.0,285.0,0.0,0.0,0.0,22.5,30.0,22.5,7,2025-04-07,2025-04-18,307.5,calendar_analysis_duration_with_gt15m_overlap_restored,7.5,0.0,1,False,,,108691.0,local_file_word_count,high,"/Users/clarkbenham/side_projects/data/Books/You Just Don't Understand - Tannen, Deborah.epub",85.0,108691.0,108821.0,130.0,epub_spine_body_sections,,,,,,,,,General Reading,8888.0,158.0,140.0,353.46666666666664,345.05079365079365,345.05079365079365,0.0,307.5,0.0,0.0,108691.0,353.46666666666664,False,381.3719298245614,817.7309988867523,2025,True,True,True,True,True,,395.24,0.39975710960429106,0.35421516040886547
finish_0135,on China,2025-04-19,660.0,675.0,660.0,585.0,600.0,585.0,0.0,0.0,0.0,75.0,75.0,75.0,14,2025-03-23,2025-04-19,660.0,calendar_analysis_duration_with_gt15m_overlap_restored,15.0,0.0,1,False,,,167056.0,local_file_word_count,high,"/Users/clarkbenham/side_projects/data/Books/On China - Kissinger, Henry.epub",90.0,167056.0,188154.0,21098.0,epub_spine_body_sections,,146500.0,https://www.readinglength.com/book/BnlFc4Y,,,-20556.0,-0.123048558567187,0.123048558567187,Histories,23864.0,453.0,248.0,253.11515151515152,247.49037037037036,247.49037037037036,0.0,660.0,0.0,0.0,167056.0,253.11515151515152,False,285.565811965812,1428.503016952399,2025,True,True,True,True,True,,607.4763636363637,0.7457080260511445,0.40824633655780096
finish_0136,The Path to Power: The Years of Lyndon Johnson I,2025-05-04,1287.5,1340.0,1317.5,1205.0,1220.0,1205.0,30.0,60.0,60.0,52.5,60.0,52.5,20,2022-10-15,2025-05-04,1317.5,calendar_analysis_duration_with_gt15m_overlap_restored,52.5,30.0,1,False,,,414671.0,local_file_word_count,high,"/Users/clarkbenham/side_projects/data/Books/The Path to Power_ The Years of Lyndon Johnson vol I - Robert A. Caro -  (2011, Knopf Doubleday Publishing Group).epub",85.0,414671.0,465435.0,50764.0,epub_spine_body_sections,,220500.0,https://www.readinglength.com/book/Bri5ncI,,,-194171.0,-0.4682531452645591,0.4682531452645591,"Business, management",44800.0,816.0,2478.0,314.7407969639469,309.45597014925374,309.45597014925374,60.0,1257.5,0.04554079696394687,21000.0,393671.0,313.0584493041749,False,344.1253112033195,1080.3745620021655,2025,True,True,True,True,True,,1507.8945454545456,0.5411519011457275,1.6433509939204813
finish_0137,means of ascent,2025-05-07,667.5,765.0,757.5,330.0,330.0,330.0,150.0,240.0,240.0,187.5,195.0,187.5,5,2025-05-06,2025-05-07,757.5,calendar_analysis_duration_with_gt15m_overlap_restored,97.5,90.0,1,False,,,213564.0,local_file_word_count,high,"/Users/clarkbenham/side_projects/data/Books/Means of ascent v2 - Caro, Robert A - (2009, Knopf Doubleday Publishing Group).epub",90.0,213564.0,282854.0,69290.0,epub_spine_body_sections,,130500.0,https://www.readinglength.com/work/Wkqedyu,,,-83064.0,-0.388941956509524,0.388941956509524,"Business, management",32282.0,470.0,2120.0,281.9326732673267,279.1686274509804,279.1686274509804,240.0,517.5,0.31683168316831684,84000.0,129564.0,250.36521739130436,False,647.1636363636363,1511.5843494221872,2025,True,True,True,True,True,,776.5963636363637,0.605204997096889,2.729860837968946
finish_0138,man’s search for meaning,2025-05-11,165.0,165.0,165.0,135.0,135.0,135.0,0.0,0.0,0.0,30.0,30.0,30.0,3,2025-05-10,2025-05-11,165.0,calendar_analysis_duration_with_gt15m_overlap_restored,0.0,0.0,1,False,,,45192.0,local_file_word_count,high,/Users/clarkbenham/side_projects/data/Books/Man’s Search for Meaning - Viktor E. Frankl_ Harold S. Kushner_ William J. Winslade_ Isle Lasch - Beacon Press (2006).epub,90.0,45192.0,45193.0,1.0,epub_spine_body_sections,,,,,,,,,General Reading,6604.0,123.0,18.0,273.8909090909091,273.8909090909091,273.8909090909091,0.0,165.0,0.0,0.0,45192.0,273.8909090909091,False,334.75555555555553,1461.32058771464,2025,True,True,True,True,True,,164.33454545454546,0.7484731810939989,0.10953266064790228
finish_0139,master of the senate,2025-05-19,1012.5,1207.5,1200.0,577.5,577.5,577.5,187.5,375.0,375.0,247.5,255.0,247.5,18,2023-01-25,2025-05-19,1200.0,calendar_analysis_duration_with_gt15m_overlap_restored,195.0,187.5,1,False,,,546494.0,local_file_word_count,high,"/Users/clarkbenham/side_projects/data/Books/Master of the Senate v3 - Caro, Robert A.epub",90.0,546494.0,616427.0,69933.0,epub_spine_body_sections,,308000.0,https://www.readinglength.com/work/WdnMtJb,,,-238494.0,-0.4364073530541963,0.4364073530541963,"Business, management",41805.0,605.0,3830.0,455.4116666666667,452.5830227743271,452.5830227743271,375.0,825.0,0.3125,131250.0,415244.0,503.3260606060606,False,946.3099567099567,764.9672274535493,2025,True,True,True,True,True,,1987.250909090909,0.3044406708948314,1.9272855694664535
finish_0140,the passage of power,2025-05-27,1192.5,1200.0,1192.5,997.5,1005.0,997.5,60.0,60.0,60.0,135.0,135.0,135.0,10,2024-03-21,2025-05-27,1192.5,calendar_analysis_duration_with_gt15m_overlap_restored,7.5,0.0,1,False,,,328935.0,local_file_word_count,high,"/Users/clarkbenham/side_projects/data/Books/The Passage of Power_ The Years of Lyndon Johnson v4- Robert A. Caro - (2012, Knopf).epub",90.0,328935.0,405253.0,76318.0,epub_spine_body_sections,,184000.0,https://www.readinglength.com/work/WNLqUMg,,,-144935.0,-0.4406189672731694,0.4406189672731694,"Business, management",58979.0,910.0,4002.0,275.8364779874214,274.1125,274.1125,60.0,1132.5,0.050314465408805034,21000.0,307935.0,271.9072847682119,False,329.7593984962406,1793.0290178910727,2025,True,True,True,True,True,,1196.1272727272728,0.7607886056515725,3.345797801997355
finish_0144,bureaucracy,2025-06-17,577.5,585.0,577.5,570.0,570.0,570.0,0.0,0.0,0.0,7.5,15.0,7.5,15,2025-06-09,2025-06-17,577.5,calendar_analysis_duration_with_gt15m_overlap_restored,7.5,0.0,1,False,,,168479.0,local_file_word_count,high,/Users/clarkbenham/side_projects/data/Books/Bureaucracy _ what government agencies do and why they do it - James Q. Wilson - (2000).epub,82.0,168479.0,189461.0,20982.0,epub_spine_body_sections,,,,,,,,,"Business, management",1790.0,30.0,0.0,291.7385281385281,287.9982905982906,287.9982905982906,0.0,577.5,0.0,0.0,168479.0,291.7385281385281,False,295.57719298245615,106.24469518456307,2025,True,True,True,True,True,,612.6509090909091,0.04896752711020365,0.0
finish_0145,theory and practice of gamesmanship,2025-06-20,75.0,90.0,90.0,0.0,0.0,0.0,0.0,0.0,0.0,75.0,90.0,90.0,1,2025-06-20,2025-06-20,90.0,calendar_analysis_duration_with_gt15m_overlap_restored,15.0,15.0,1,False,,,22115.0,local_file_word_count,high,"/Users/clarkbenham/side_projects/data/Books/The Theory and Practice of Gamesmanship_ Or, the Art of Winning Games Without Actually Cheating - Stephen Potter - (2015, Pickle Partners Publishing).epub",90.0,22115.0,22518.0,403.0,epub_spine_body_sections,,,,,,,,,,0.0,0.0,0.0,245.72222222222223,245.72222222222223,245.72222222222223,0.0,90.0,0.0,0.0,22115.0,245.72222222222223,False,inf,0.0,2025,True,True,True,False,False,calendar_time_lte_90_minutes,80.41818181818182,0.0,0.0
finish_0147,how to improve your marriage without talking about it,2025-06-30,195.0,195.0,195.0,180.0,180.0,180.0,0.0,0.0,0.0,15.0,15.0,15.0,5,2025-02-01,2025-06-30,195.0,calendar_analysis_duration_with_gt15m_overlap_restored,0.0,0.0,1,False,,,62736.0,local_file_word_count,high,"/Users/clarkbenham/side_projects/data/Books/How to Improve Your Marriage Without Talking About It - Patricia Love, Steven Stosny - (2008, Harmony).epub",90.0,62736.0,63296.0,560.0,epub_spine_body_sections,,,,,,,,,General Reading,3922.0,85.0,20.0,321.7230769230769,321.7230769230769,321.7230769230769,0.0,195.0,0.0,0.0,62736.0,321.7230769230769,False,348.53333333333336,625.1593981127264,2025,True,True,True,True,True,,228.13090909090909,0.3725930884978322,0.08766896199948992
finish_0149,Mathematics for Machine Learning,2025-07-09,1072.5,1102.5,1072.5,1027.5,1057.5,1027.5,0.0,0.0,0.0,45.0,45.0,45.0,43,2024-03-22,2025-07-09,1072.5,calendar_analysis_duration_with_gt15m_overlap_restored,30.0,0.0,1,False,,,19784.0,local_file_word_count,high,/Users/clarkbenham/side_projects/data/Books/Mathematics for Machine Learning Soln.pdf,90.0,19784.0,21251.0,1467.0,pdf_repeated_header_footer_body_pages,,,,,,,,,Machine Learning,0.0,0.0,0.0,18.446620046620048,17.94467120181406,17.94467120181406,0.0,1072.5,0.0,0.0,19784.0,18.446620046620048,False,19.254501216545012,0.0,2025,True,True,True,True,True,,71.94181818181818,0.0,0.0
finish_0152,blueprint reading: construction drawings for the building trade,2025-07-28,45.0,45.0,45.0,0.0,0.0,0.0,0.0,0.0,0.0,45.0,45.0,45.0,1,2025-07-28,2025-07-28,45.0,calendar_analysis_duration_with_gt15m_overlap_restored,0.0,0.0,1,False,,,92387.0,local_file_word_count,high,"/Users/clarkbenham/side_projects/data/Books/Blueprint reading _ construction drawings for the building trades (2008, McGraw-Hill Companies, Inc.) - [McGraw Hill professional] Sam A. A. Kubba - [10.1036_0071549862].pdf",85.0,92387.0,94180.0,1793.0,pdf_repeated_header_footer_body_pages,,,,,,,,,Unknown Shelf,0.0,0.0,0.0,2053.0444444444443,2053.0444444444443,2053.0444444444443,0.0,45.0,0.0,0.0,92387.0,2053.0444444444443,False,inf,0.0,2025,True,True,True,False,False,calendar_time_lte_90_minutes,335.95272727272726,0.0,0.0
finish_0153,failure is not an option,2025-07-28,517.5,540.0,532.5,472.5,495.0,487.5,0.0,0.0,0.0,45.0,45.0,45.0,9,2025-07-06,2025-07-28,532.5,calendar_analysis_duration_with_gt15m_overlap_restored,22.5,15.0,1,False,,,159988.0,local_file_word_count,high,/Users/clarkbenham/side_projects/data/Books/Failure Is Not an Option_ Mission Control from Mercury to Apollo 13 and Beyond - Gene Kranz - Simon & Schuster (2000).epub,90.0,159988.0,164489.0,4501.0,epub_spine_body_sections,,,,,,,,,"Business, management",10259.0,186.0,316.0,300.4469483568075,296.27407407407406,296.27407407407406,0.0,532.5,0.0,0.0,159988.0,300.4469483568075,False,338.5989417989418,641.2355926694502,2025,True,True,True,True,True,,581.7745454545454,0.3197114783608771,0.5431657374303073
finish_0155,age of ambition,2025-08-02,172.5,210.0,202.5,142.5,150.0,142.5,0.0,0.0,0.0,30.0,60.0,60.0,7,2025-07-23,2025-08-02,202.5,calendar_analysis_duration_with_gt15m_overlap_restored,37.5,30.0,1,False,,,151444.0,local_file_word_count,high,"/Users/clarkbenham/side_projects/data/Books/Age of Ambition_ Chasing Fortune, Truth, and Faith in the New China - Osnos, Evan - (2014, Farrar, Straus and Giroux).epub",90.0,151444.0,154807.0,3363.0,epub_spine_body_sections,,,,,,,,,Histories,3347.0,72.0,34.0,747.8716049382716,721.1619047619048,721.1619047619048,0.0,202.5,0.0,0.0,151444.0,747.8716049382716,False,1062.7649122807018,221.00578431631493,2025,True,True,True,True,True,,550.7054545454546,0.13074139615963656,0.06173899263093949
finish_0156,Apple in China,2025-08-10,352.5,360.0,352.5,292.5,300.0,292.5,0.0,0.0,0.0,60.0,60.0,60.0,5,2025-08-09,2025-08-10,352.5,calendar_analysis_duration_with_gt15m_overlap_restored,7.5,0.0,1,False,,,126939.0,local_file_word_count,high,"/Users/clarkbenham/side_projects/data/Books/Apple in China - Patrick McGee - (2025, Simon & Schuster UK).epub",90.0,126939.0,145048.0,18109.0,epub_spine_body_sections,,,,,,,,,"Business, management",2909.0,61.0,0.0,360.11063829787236,352.60833333333335,352.60833333333335,0.0,352.5,0.0,0.0,126939.0,360.11063829787236,False,433.9794871794872,229.16518957924674,2025,True,True,True,True,True,,461.59636363636366,0.13215008783746524,0.0
finish_0157,the price of victory,2025-08-14,1237.5,1275.0,1252.5,1207.5,1245.0,1222.5,0.0,0.0,0.0,30.0,30.0,30.0,15,2025-08-11,2025-08-14,1252.5,calendar_analysis_duration_with_gt15m_overlap_restored,37.5,15.0,1,False,,,306312.0,local_file_word_count,high,"/Users/clarkbenham/side_projects/data/Books/The Price of Victory - Rodger, N A M - (2024, Penguin Books Ltd).epub",90.0,306312.0,444030.0,137718.0,epub_spine_body_sections,,,,,,,,,Histories,36404.0,809.0,916.0,244.56047904191618,240.24470588235295,240.24470588235295,0.0,1252.5,0.0,0.0,306312.0,244.56047904191618,False,253.67453416149067,1188.461438010917,2025,True,True,True,True,True,,1113.861818181818,0.726301940505106,0.8223641254668443
finish_0159,Richard Nixon the Life,2025-09-11,922.5,930.0,922.5,817.5,825.0,817.5,0.0,0.0,0.0,105.0,105.0,105.0,12,2025-08-16,2025-09-11,922.5,calendar_analysis_duration_with_gt15m_overlap_restored,7.5,0.0,1,False,,,316037.0,local_file_word_count,high,"/Users/clarkbenham/side_projects/data/Books/Richard Nixon_ The Life - Farrell, John Aloysius_Nixon, Richard Milhous - (2017, Knopf Doubleday Publishing Group).epub",90.0,316037.0,326023.0,9986.0,epub_spine_body_sections,,,,,,,,,Histories,32162.0,649.0,2086.0,342.58753387533875,339.8247311827957,339.8247311827957,0.0,922.5,0.0,0.0,316037.0,342.58753387533875,False,386.5896024464832,1017.6656530722669,2025,True,True,True,True,True,,1149.2254545454546,0.5647281805611368,1.8151355695693858
finish_0161,high intensity training the mike mentzer way,2025-09-22,90.0,90.0,90.0,75.0,75.0,75.0,0.0,0.0,0.0,15.0,15.0,15.0,2,2025-09-22,2025-09-22,90.0,calendar_analysis_duration_with_gt15m_overlap_restored,0.0,0.0,1,False,,,71026.0,local_file_word_count,high,/Users/clarkbenham/side_projects/data/Books/HIGH-INTENSITY TRAINING the Mike Mentzer Way by Mike Mentzer with John Little.pdf,90.0,71026.0,71484.0,458.0,pdf_repeated_header_footer_body_pages,,,,,,,,,General Reading,0.0,0.0,0.0,789.1777777777778,789.1777777777778,789.1777777777778,0.0,90.0,0.0,0.0,71026.0,789.1777777777778,False,947.0133333333333,0.0,2025,True,True,True,False,False,calendar_time_lte_90_minutes,258.2763636363636,0.0,0.0
finish_0166,my early life,2025-10-14,390.0,405.0,390.0,307.5,315.0,307.5,0.0,0.0,0.0,82.5,90.0,82.5,8,2025-10-12,2025-10-14,390.0,calendar_analysis_duration_with_gt15m_overlap_restored,15.0,0.0,1,False,,,124256.0,local_file_word_count,high,/Users/clarkbenham/side_projects/data/Books/My Early Life  1872 to 1904 - Churchill.epub,90.0,124256.0,124256.0,0.0,epub_spine_body_sections,,,,,,,,,Histories,18816.0,336.0,308.0,318.6051282051282,306.80493827160495,306.80493827160495,0.0,390.0,0.0,0.0,124256.0,318.6051282051282,False,404.08455284552844,1514.2930723667266,2025,True,True,True,True,True,,451.84,0.7436260623229463,0.681657223796034
finish_0167,the second world war,2025-10-21,1777.5,1815.0,1792.5,1575.0,1605.0,1590.0,0.0,0.0,0.0,202.5,210.0,202.5,18,2025-10-15,2025-10-21,1792.5,calendar_analysis_duration_with_gt15m_overlap_restored,37.5,15.0,1,False,,,420757.0,local_file_word_count,high,"/Users/clarkbenham/side_projects/data/Books/The Second World War_ Abridged Edition, With an Epilogue on the Years 1945 to 1957 - Churchill.epub",90.0,420757.0,462971.0,42214.0,epub_spine_body_sections,,,,,,,,,Histories,29991.0,598.0,1434.0,234.73193863319386,231.8220385674931,231.8220385674931,0.0,1792.5,0.0,0.0,420757.0,234.73193863319386,False,267.14730158730157,712.7867153725309,2025,True,True,True,True,True,,1530.0254545454545,0.3908431707612708,0.9372393091499369
finish_0168,six crises,2025-10-25,450.0,450.0,450.0,390.0,390.0,390.0,0.0,0.0,0.0,60.0,60.0,60.0,10,2025-10-09,2025-10-25,450.0,calendar_analysis_duration_with_gt15m_overlap_restored,0.0,0.0,1,False,,,200836.0,local_file_word_count,high,"/Users/clarkbenham/side_projects/data/Books/Six Crises -  Nixon, Richard - (Simon & Schuster).epub",90.0,200836.0,207429.0,6593.0,epub_spine_body_sections,,,,,,,,,Histories,11087.0,199.0,744.0,446.3022222222222,446.3022222222222,446.3022222222222,0.0,450.0,0.0,0.0,200836.0,446.3022222222222,False,514.9641025641025,552.0424625067219,2025,True,True,True,True,True,,730.3127272727273,0.27248600848453464,1.0187416598617778
finish_0170,thoughts and adventures,2025-11-03,255.0,255.0,255.0,0.0,0.0,0.0,0.0,0.0,0.0,255.0,255.0,255.0,1,2025-11-03,2025-11-03,255.0,calendar_analysis_duration_with_gt15m_overlap_restored,0.0,0.0,1,False,,,86188.0,local_file_word_count,high,/Users/clarkbenham/side_projects/data/Books/Thoughts and Adventures by Winston Churchill.epub,90.0,86188.0,86189.0,1.0,epub_spine_body_sections,,,,,,,,,Histories,8584.0,141.0,78.0,337.9921568627451,337.9921568627451,337.9921568627451,0.0,255.0,0.0,0.0,86188.0,337.9921568627451,False,inf,995.9623149394348,2025,True,True,True,True,True,,313.4109090909091,0.4498886155845361,0.2488745533020838
finish_0171,revolt in the desert,2025-11-10,700.0,715.0,700.0,610.0,625.0,610.0,0.0,0.0,0.0,90.0,90.0,90.0,14,2025-11-07,2025-11-10,700.0,calendar_analysis_duration_with_gt15m_overlap_restored,15.0,0.0,1,False,,,130871.0,local_file_word_count,high,/Users/clarkbenham/side_projects/data/Books/ Revolt in the Desert by T E Lawrence.epub,90.0,130871.0,134335.0,3464.0,epub_spine_body_sections,,,,,,,,,Histories,6817.0,112.0,2.0,186.95857142857142,183.03636363636363,183.03636363636363,0.0,700.0,0.0,0.0,130871.0,186.95857142857142,False,214.54262295081966,520.894621421094,2025,True,True,True,True,True,,475.89454545454544,0.2353462570011691,0.0042026117321637335
finish_0174,the power broker,2025-12-04,682.5,1170.0,1162.5,127.5,135.0,127.5,555.0,1035.0,1035.0,45.0,90.0,90.0,18,2025-06-05,2025-12-04,1162.5,calendar_analysis_duration_with_gt15m_overlap_restored,487.5,480.0,1,False,,,617985.0,local_file_word_count,high,/Users/clarkbenham/side_projects/data/Books/The Power Broker_ Robert Moses and the Fall of New York  -Robert A. Caro -1975.epub,90.0,617985.0,697127.0,79142.0,epub_spine_body_sections,,311500.0,https://www.readinglength.com/book/BBZvmjw,,,-306485.0,-0.4959424581502787,0.4959424581502787,"Business, management",4297.0,68.0,76.0,531.6,528.1923076923077,528.1923076923077,1035.0,127.5,0.8903225806451613,362250.0,255735.0,2005.764705882353,True,4846.941176470588,69.53243201695834,2025,True,True,True,True,False,,2247.2181818181816,0.03025963413351457,0.033819591090398636
finish_0175,Shape Up Stop Running in Circles and Ship Work that Matters,2025-12-05,82.5,105.0,97.5,67.5,75.0,67.5,0.0,0.0,0.0,15.0,30.0,30.0,4,2025-12-04,2025-12-05,97.5,calendar_analysis_duration_with_gt15m_overlap_restored,22.5,15.0,1,False,,,32193.0,local_file_word_count,high,/Users/clarkbenham/side_projects/data/Books/Shape Up_ Stop Running in Circles and Ship Work that Matters -  Ryan Singer - (2019).pdf,90.0,32193.0,32409.0,216.0,pdf_repeated_header_footer_body_pages,,,,,,,,,Computer Science,0.0,0.0,0.0,330.18461538461537,306.6,306.6,0.0,97.5,0.0,0.0,32193.0,330.18461538461537,False,476.93333333333334,0.0,2025,True,True,True,True,True,,117.06545454545454,0.0,0.0
finish_0176,to say nothing of the dog,2025-12-08,447.5,499.99999999999994,492.49999999999994,327.50000000000006,380.00000000000006,372.50000000000006,0.0,0.0,0.0,120.0,120.0,120.0,8,2025-12-07,2025-12-08,492.49999999999994,calendar_analysis_duration_with_gt15m_overlap_restored,52.49999999999994,44.99999999999994,1,False,,,186726.0,local_file_word_count,high,"/Users/clarkbenham/side_projects/data/Books/To say nothing of the dog, or, How we found the bishop's -- Oxford Time Travel  02 -- Connie Willis 1998 -- Bantam Books .epub",90.0,186726.0,186904.0,178.0,epub_spine_body_sections,,,,,,,,,fiction,0.0,0.0,0.0,379.1390862944163,373.45200000000006,373.45200000000006,0.0,492.49999999999994,0.0,0.0,186726.0,379.1390862944163,False,570.1557251908396,0.0,2025,True,True,True,True,True,,679.0036363636364,0.0,0.0
finish_0177,art and fear,2025-12-15,60.0,60.0,60.0,30.0,30.0,30.0,0.0,0.0,0.0,30.0,30.0,30.0,2,2025-12-12,2025-12-15,60.0,calendar_analysis_duration_with_gt15m_overlap_restored,0.0,0.0,1,False,,,27611.0,local_file_word_count,high,"/Users/clarkbenham/side_projects/data/Books/Art & fear _ observations on the perils (and rewards) of artmaking - Orland, Ted_ Bayles, David - (1993, Turtleback Books_Distributed by Consortium Book Sales & Distribution, Image Continuum Press).pdf",85.0,27611.0,27948.0,337.0,pdf_repeated_header_footer_body_pages,,,,,,,,,General Reading,0.0,0.0,0.0,460.18333333333334,460.18333333333334,460.18333333333334,0.0,60.0,0.0,0.0,27611.0,460.18333333333334,False,920.3666666666667,0.0,2025,True,True,True,False,False,calendar_time_lte_90_minutes,100.40363636363637,0.0,0.0
finish_0178,the world crisis,2025-12-27,622.5,675.0,652.5,442.5,450.0,442.5,165.0,210.0,195.0,15.0,15.0,15.0,15,2025-12-16,2025-12-27,652.5,calendar_analysis_duration_with_gt15m_overlap_restored,52.5,30.0,1,False,,,204557.0,local_file_word_count,high,/Users/clarkbenham/side_projects/data/Books/the world crisis abriged - Winston Churchill.epub,90.0,204557.0,210816.0,6259.0,epub_spine_body_sections,,,,,,,,,Histories,1692.0,33.0,0.0,313.49731800766284,303.04740740740743,303.04740740740743,195.0,457.5,0.2988505747126437,68250.0,136307.0,297.93879781420765,False,462.27570621468925,82.71533117908457,2025,True,True,True,True,True,,743.8436363636364,0.04436416255615794,0.0
finish_0180,the world crisis vol 3,2026-01-07,427.5,480.0,480.0,390.0,420.0,420.0,0.0,0.0,0.0,37.5,60.0,60.0,6,2026-01-06,2026-01-08,480.0,calendar_analysis_duration_with_gt15m_overlap_restored,52.5,52.5,1,False,,,203721.0,local_file_word_count,high,/Users/clarkbenham/side_projects/data/Books/The World Crisis - Churchill Winston - Volume 3_ 1916-1918.mobi,85.0,203721.0,203721.0,0.0,mobi_raw_text,no_section_level_body_filter_available,,,,,,,,Histories,7976.0,146.0,46.0,424.41875,424.41875,424.41875,0.0,480.0,0.0,0.0,203721.0,424.41875,False,522.3615384615384,391.5158476543901,2026,True,True,True,True,True,,740.8036363636363,0.19708326583906421,0.062094727593129825
finish_0181,the world crisis volume 4,2026-01-10,712.5,720.0,712.5,682.5,690.0,682.5,0.0,0.0,0.0,30.0,30.0,30.0,9,2026-01-09,2026-01-10,712.5,calendar_analysis_duration_with_gt15m_overlap_restored,7.5,0.0,1,False,,,164311.0,local_file_word_count,high,/Users/clarkbenham/side_projects/data/Books/The World Crisis. Volume 4_ The Aftermath - Churchill Winston.mobi,90.0,164311.0,164311.0,0.0,mobi_raw_text,no_section_level_body_filter_available,,,,,,,,Histories,0.0,0.0,0.0,230.6119298245614,228.2097222222222,228.2097222222222,0.0,712.5,0.0,0.0,164311.0,230.6119298245614,False,240.74871794871794,0.0,2026,True,True,True,True,True,,597.4945454545455,0.0,0.0
finish_0182,the history of the English speaking peoples volume 4,2026-01-11,905.0,1110.0,1095.0,720.0,735.0,720.0,184.99999999999997,375.0,375.0,30.0,60.0,60.0,18,2025-11-15,2026-01-11,1095.0,calendar_analysis_duration_with_gt15m_overlap_restored,205.0000000000001,190.0000000000001,1,False,,,124144.0,local_file_word_count,high,"data/Books/The Great Democracies_ A History of the English-Speaking Peoples, Volume IV - Churchill, Winston Spencer - (2005, Barnes & Noble).epub",100.0,124144.0,124300.0,156.0,epub_spine_body_sections,,,,,,,,,Histories,4348.0,87.0,12.0,113.37351598173515,111.84144144144145,111.84144144144145,375.0,720.0,0.3424657534246575,131250.0,0.0,0.0,True,172.42222222222222,350.2384327877304,2026,True,True,True,True,False,,451.4327272727273,0.19271974481247583,0.026582033767238045
finish_0183,going postal,2026-01-14,285.0,285.0,285.0,135.0,135.0,135.0,0.0,0.0,0.0,150.0,150.0,150.0,2,2026-01-13,2026-01-14,285.0,calendar_analysis_duration_with_gt15m_overlap_restored,0.0,0.0,1,False,,,121164.0,local_file_word_count,high,"/Users/clarkbenham/side_projects/data/Books/Going Postal [Discworld 33] - Terry Pratchett - (2009, HarperCollins).epub",90.0,121164.0,121922.0,758.0,epub_spine_body_sections,,105865.0,https://www.readinglength.com/book/BOzBV4L,,,-15299.0,-0.1262668779505463,0.1262668779505463,fiction,0.0,0.0,0.0,425.13684210526316,425.13684210526316,425.13684210526316,0.0,285.0,0.0,0.0,121164.0,425.13684210526316,False,897.5111111111111,0.0,2026,True,True,True,True,True,,440.59636363636366,0.0,0.0
finish_0184,Now It Can Be Told,2026-01-19,217.5,360.0,360.0,15.0,15.0,15.0,202.5,345.0,345.0,30.0,30.0,30.0,7,2025-07-06,2026-01-19,360.0,calendar_analysis_duration_with_gt15m_overlap_restored,142.5,142.5,1,False,,,163006.0,local_file_word_count,high,"/Users/clarkbenham/side_projects/data/Books/Now it can be told _ the story of the Manhattan Project - Groves , Leslie R - (1983, Da Capo Press).epub",90.0,163006.0,168544.0,5538.0,epub_spine_body_sections,,,,,,,,,"Business, management",16.0,1.0,0.0,452.7944444444444,452.7944444444444,452.7944444444444,345.0,15.0,0.9583333333333334,120750.0,42256.0,2817.0666666666666,True,10867.066666666668,0.9815589610198399,2026,True,True,True,True,False,,592.7490909090909,0.0016870544642528496,0.0
finish_0186,it's better to be feared,2026-01-24,743.9416666666667,765.0,743.9416666666667,638.9416666666667,660.0,638.9416666666667,0.0,0.0,0.0,105.0,105.0,105.0,12,2026-01-20,2026-01-24,743.9416666666667,calendar_analysis_duration_with_gt15m_overlap_restored,21.05833333333328,0.0,1,False,,,177956.0,local_file_word_count,high,"/Users/clarkbenham/side_projects/data/Books/It's Better to Be Feared_ The New England Patriots Dynasty and the Pursuit of Greatness - Seth Wickersham - (2021, Liveright).epub",90.0,177956.0,193013.0,15057.0,epub_spine_body_sections,,,,,,,,,General Reading,24434.0,423.0,738.0,239.20692706641424,232.62222222222223,232.62222222222223,0.0,743.9416666666667,0.0,0.0,177956.0,239.20692706641424,False,278.5168181758898,1373.0360313785432,2026,True,True,True,True,True,,647.1127272727273,0.653672817999955,1.1404504484254534
finish_0187,the effective executive,2026-01-29,97.5,150.0,127.5,22.5,30.0,22.5,75.0,120.0,105.0,15.0,30.0,30.0,7,2025-01-22,2026-01-30,127.5,calendar_analysis_duration_with_gt15m_overlap_restored,52.5,30.0,1,False,,,64081.0,local_file_word_count,high,"/Users/clarkbenham/side_projects/data/Books/The Effective Executive_ The Definitive Guide to Getting the Right Things Done - Peter F. Drucker, Jim Collins - (2017, HarperBusiness).epub",90.0,64081.0,66884.0,2803.0,epub_spine_body_sections,,52000.0,https://www.readinglength.com/book/B27p7xT,,,-12081.0,-0.1885270204896927,0.1885270204896927,"Business, management",1457.0,29.0,0.0,502.5960784313726,427.20666666666665,427.20666666666665,105.0,22.5,0.8235294117647058,36750.0,27331.0,1214.7111111111112,True,2848.0444444444443,227.3684867589457,2026,True,True,True,True,False,,233.0218181818182,0.12445186560759039,0.0
finish_0188,the best and brightest,2026-02-02,1314.9999999999998,1350.0,1335.0,1284.9999999999998,1320.0,1305.0,0.0,0.0,0.0,30.0,30.0,30.0,23,2026-01-22,2026-02-02,1335.0,calendar_analysis_duration_with_gt15m_overlap_restored,35.00000000000023,20.000000000000227,1,False,,,352432.0,local_file_word_count,high,"/Users/clarkbenham/side_projects/data/Books/The Best and the Brightest - David Halberstam - (2001, Modern Library).epub",85.0,352432.0,352433.0,1.0,epub_spine_body_sections,,,,,,,,,Histories,58409.0,876.0,904.0,263.9940074906367,261.06074074074075,261.06074074074075,0.0,1335.0,0.0,0.0,352432.0,263.9940074906367,False,274.2661478599222,1657.3126163344987,2026,True,True,True,True,True,,1281.570909090909,0.6835361147682391,0.705384301085032
finish_0189,good omens,2026-02-08,405.0,405.0,405.0,210.0,210.0,210.0,0.0,0.0,0.0,195.0,195.0,195.0,6,2021-09-22,2026-02-08,405.0,calendar_analysis_duration_with_gt15m_overlap_restored,0.0,0.0,1,False,,,108281.0,local_file_word_count,high,"/Users/clarkbenham/side_projects/data/Books/Good Omens - Pratchett, Terry _ Gaiman, Neil.pdf",90.0,108281.0,108281.0,0.0,pdf_repeated_header_footer_body_pages,,108000.0,https://www.readinglength.com/book/BaDpWtV,,,-281.0,-0.0025950997866661,0.0025950997866661,fiction,0.0,0.0,0.0,267.3604938271605,267.3604938271605,267.3604938271605,0.0,405.0,0.0,0.0,108281.0,267.3604938271605,False,515.6238095238095,0.0,2026,True,True,True,True,True,,393.7490909090909,0.0,0.0
finish_0190,prime movers of globalization,2026-02-09,307.5,315.0,307.5,262.5,270.0,262.5,0.0,0.0,0.0,45.0,45.0,45.0,10,2025-11-17,2026-02-09,307.5,calendar_analysis_duration_with_gt15m_overlap_restored,7.5,0.0,1,False,,,80432.0,local_file_word_count,high,"/Users/clarkbenham/side_projects/data/Books/eleven_upload/Business, management/Prime Movers of Globalization.epub",100.0,80432.0,89140.0,8708.0,epub_spine_body_sections,,,,,,,,,"Business, management",7240.0,145.0,40.0,261.56747967479674,255.33968253968254,255.33968253968254,0.0,307.5,0.0,0.0,80432.0,261.56747967479674,False,306.40761904761905,900.1392480604735,2026,True,True,True,True,True,,292.48,0.4957603938730853,0.13676148796498905
finish_0191,shoe dog,2026-02-11,352.5,360.0,352.5,345.0,345.0,345.0,0.0,0.0,0.0,7.5,15.0,7.5,3,2026-02-10,2026-02-11,352.5,calendar_analysis_duration_with_gt15m_overlap_restored,7.5,0.0,1,False,,,125957.0,local_file_word_count,high,"/Users/clarkbenham/side_projects/data/Books/Shoe Dog_ A Memoir by the Creator of Nike - Nike (Firm)_Knight, Philip H - (2018_2016, Scribner).epub",90.0,125957.0,126153.0,196.0,epub_spine_body_sections,,96500.0,https://www.readinglength.com/book/Bvk4DQT,,,-29457.0,-0.2338655255364926,0.2338655255364926,"Business, management",19891.0,325.0,866.0,357.32482269503544,349.88055555555553,349.88055555555553,0.0,352.5,0.0,0.0,125957.0,357.32482269503544,False,365.0927536231884,1579.1897234770597,2026,True,True,True,True,True,,458.0254545454545,0.7095675508308391,1.8907246123677128
finish_0192,the billionaire and the mechanic,2026-02-14,465.0,480.0,465.0,360.0,375.0,360.0,0.0,0.0,0.0,105.0,105.0,105.0,4,2026-02-13,2026-02-14,465.0,calendar_analysis_duration_with_gt15m_overlap_restored,15.0,0.0,1,False,,,142997.0,local_file_word_count,high,"/Users/clarkbenham/side_projects/data/Books/The billionaire and the mechanic_ how Larry Ellison and a car mechanic teamed up to win sailing's greatest race, the America's -  Bajurin, Norbert_Ellison, Larry_Guthrie, Julian - (2014, Grove Atlantic_Grove Press).epub",90.0,142997.0,142997.0,0.0,epub_spine_body_sections,,,,,,,,,General Reading,16057.0,274.0,828.0,307.52043010752686,297.91041666666666,297.91041666666666,0.0,465.0,0.0,0.0,142997.0,307.52043010752686,False,397.2138888888889,1122.890690014476,2026,True,True,True,True,True,,519.9890909090909,0.5269341314852759,1.5923410980649944
finish_0194,memos from the chairman,2026-02-25,90.0,90.0,90.0,45.0,45.0,45.0,0.0,0.0,0.0,45.0,45.0,45.0,3,2026-02-24,2026-02-25,90.0,calendar_analysis_duration_with_gt15m_overlap_restored,0.0,0.0,1,False,,,32426.0,local_file_word_count,high,"/Users/clarkbenham/side_projects/data/Books/Memos from the Chairman - Alan C. Greenberg - (2016, Workman Publishing).epub",90.0,32426.0,32590.0,164.0,epub_spine_body_sections,,,,,,,,,"Business, management",4766.0,79.0,100.0,360.2888888888889,360.2888888888889,360.2888888888889,0.0,90.0,0.0,0.0,32426.0,360.2888888888889,False,720.5777777777778,1469.8081786220935,2026,True,True,True,False,False,calendar_time_lte_90_minutes,117.91272727272727,0.6699870474310738,0.8480848701659163
finish_0195,night watch,2026-03-05,322.5,322.5,322.5,300.0,300.0,300.0,0.0,0.0,0.0,22.5,22.5,22.5,6,2026-03-01,2026-03-05,322.5,calendar_analysis_duration_with_gt15m_overlap_restored,0.0,0.0,1,False,,,114185.0,local_file_word_count,high,"/Users/clarkbenham/side_projects/data/Books/Night Watch [Discworld 29 ] - Terry, Pratchett (2010).epub",90.0,114185.0,114186.0,1.0,epub_spine_body_sections,,84500.0,https://www.readinglength.com/book/Bh4LNED,,,-29685.0,-0.2599728510750098,0.2599728510750098,fiction,0.0,0.0,0.0,354.06201550387595,354.06201550387595,354.06201550387595,0.0,322.5,0.0,0.0,114185.0,354.06201550387595,False,380.6166666666667,0.0,2026,True,True,True,True,True,,415.2181818181818,0.0,0.0
finish_0197,fall of Hyperion,2026-03-11,652.5,660.0,652.5,495.0,495.0,495.0,0.0,0.0,0.0,157.5,165.0,157.5,6,2026-03-10,2026-03-11,652.5,calendar_analysis_duration_with_gt15m_overlap_restored,7.5,0.0,1,False,,,190613.0,local_file_word_count,high,"/Users/clarkbenham/side_projects/data/Books/Hyperion Cantos [02] - The Fall of Hyperion - [Hyperion Cantos _2] Simmons, Dan - (1990, Spectra).epub",90.0,190613.0,190753.0,140.0,epub_spine_body_sections,,,,,,,,,fiction,0.0,0.0,0.0,292.1272030651341,288.80757575757576,288.80757575757576,0.0,652.5,0.0,0.0,190613.0,292.1272030651341,False,385.0767676767677,0.0,2026,True,True,True,True,True,,693.1381818181818,0.0,0.0
finish_0198,thoughts and adventures,2026-03-27,130.00000000000003,130.00000000000003,130.00000000000003,30.0,30.0,30.0,0.0,0.0,0.0,100.0,100.0,100.0,2,2026-03-18,2026-03-27,130.00000000000003,calendar_analysis_duration_with_gt15m_overlap_restored,0.0,0.0,2,True,2025-11-03,144.0,86188.0,local_file_word_count,high,/Users/clarkbenham/side_projects/data/Books/Thoughts and Adventures by Winston Churchill.epub,90.0,86188.0,86189.0,1.0,epub_spine_body_sections,,,,,,,,,Histories,8584.0,141.0,78.0,662.9846153846153,662.9846153846153,662.9846153846153,0.0,130.00000000000003,0.0,0.0,86188.0,662.9846153846153,False,2872.9333333333334,995.9623149394348,2026,True,False,False,False,False,,313.4109090909091,0.4498886155845361,0.2488745533020838
finish_0199,my early life,2026-03-29,330.0,345.0,345.0,255.0,270.0,270.0,0.0,0.0,0.0,75.0,75.0,75.0,5,2026-03-20,2026-03-29,345.0,calendar_analysis_duration_with_gt15m_overlap_restored,15.0,15.0,2,True,2025-10-14,166.0,124256.0,local_file_word_count,high,/Users/clarkbenham/side_projects/data/Books/My Early Life  1872 to 1904 - Churchill.epub,90.0,124256.0,124256.0,0.0,epub_spine_body_sections,,,,,,,,,Histories,18816.0,336.0,308.0,360.1623188405797,360.1623188405797,360.1623188405797,0.0,345.0,0.0,0.0,124256.0,360.1623188405797,False,487.278431372549,1514.2930723667266,2026,True,False,False,False,False,,451.84,0.7436260623229463,0.681657223796034
finish_0201,Churchill: Walking with Destiny,2026-04-24,2630.0,2985.0,2947.5,2585.0,2940.0,2902.5,0.0,0.0,0.0,45.0,45.0,45.0,37,2026-03-20,2026-04-26,2947.5,calendar_analysis_duration_with_gt15m_overlap_restored,355.0,317.5,1,False,,,458440.0,local_file_word_count,high,"/Users/clarkbenham/side_projects/data/Books/Churchill_ Walking with Destiny - Andrew Roberts - (2018, Allen Lane).epub",90.0,458440.0,513344.0,54904.0,epub_spine_body_sections,,,,,,,,,,42827.0,999.0,1528.0,155.53519932145886,153.58123953098828,153.58123953098828,0.0,2947.5,0.0,0.0,458440.0,155.53519932145886,False,177.34622823984526,934.1898612686501,2026,True,True,True,True,True,,1667.0545454545454,0.5992605357298665,0.9165866852805166
finish_0202,churchill the power of words,2026-05-07,517.5,532.5,517.5,487.5,502.5,487.5,0.0,0.0,0.0,30.0,30.0,30.0,9,2026-02-15,2026-05-07,517.5,calendar_analysis_duration_with_gt15m_overlap_restored,15.0,0.0,1,False,,,173941.0,local_file_word_count,high,"/Users/clarkbenham/side_projects/data/Books/Churchill _ the power of words _ his remarkable life recounted through his writings and speeches _ 200 readings - Churchill, Winston S_ Gilbert, Martin (Editor) - (2014, Da Capo Press_Bantam Press).epub",90.0,173941.0,175294.0,1353.0,epub_spine_body_sections,,,,,,,,,,0.0,0.0,0.0,336.1178743961353,326.64976525821595,326.64976525821595,0.0,517.5,0.0,0.0,173941.0,336.1178743961353,False,356.8020512820513,0.0,2026,True,True,True,True,True,,632.5127272727273,0.0,0.0
finish_0203,the nvidia way,2026-05-13,112.5,210.0,210.0,0.0,0.0,0.0,112.5,210.0,210.0,15.0,30.0,30.0,5,2026-04-26,2026-05-13,210.0,calendar_analysis_duration_with_gt15m_overlap_restored,97.5,97.5,1,False,,,82792.0,local_file_word_count,high,"/Users/clarkbenham/side_projects/data/Books/The Nvidia Way_ Jensen Huang and the Making of a Tech Giant - Tae Kim - (2024, W. W. Norton & Company).epub",90.0,82792.0,85997.0,3205.0,epub_spine_body_sections,,,,,,,,,,0.0,0.0,0.0,394.247619047619,394.247619047619,394.247619047619,210.0,0.0,1.0,73500.0,9292.0,,True,inf,0.0,2026,True,True,True,True,False,,301.0618181818182,0.0,0.0
finish_0204,managing the professional services firm,2026-05-14,397.5,420.0,397.5,382.5,405.0,382.5,0.0,0.0,0.0,15.0,15.0,15.0,14,2026-04-28,2026-05-14,397.5,calendar_analysis_duration_with_gt15m_overlap_restored,22.5,0.0,1,False,,,114224.0,local_file_word_count,high,"/Users/clarkbenham/side_projects/data/Books/Managing the professional service firm - Maister, David H. - (2014, Free Press).epub",80.0,114224.0,118020.0,3796.0,epub_spine_body_sections,,,,,,,,,,11195.0,226.0,98.0,287.3559748427673,271.96190476190475,271.96190476190475,0.0,397.5,0.0,0.0,114224.0,287.3559748427673,False,298.6248366013072,980.0917495447542,2026,True,True,True,True,True,,415.36,0.5441063174114021,0.23593990755007704
