finish_id,title,matched_finish_date,first_pass_raw_minutes,first_pass_busy_adjusted_minutes,first_pass_adjusted_minutes,reading_raw_minutes,reading_busy_adjusted_minutes,reading_adjusted_minutes,audiobook_raw_minutes,audiobook_busy_adjusted_minutes,audiobook_adjusted_minutes,finished_raw_minutes,finished_busy_adjusted_minutes,finished_adjusted_minutes,n_included_events,first_event,last_event,primary_first_pass_minutes,primary_minutes_rule,busy_overlap_delta_minutes,strict_overlap_delta_minutes,read_instance,is_reread,previous_finish_date,days_since_previous_finish,chosen_word_count,word_count_source,word_count_confidence,local_file_path,local_file_error,metadata_page_count,metadata_word_estimate,category,highlighted_words,highlight_count,my_note_words,wpm_first_pass_primary,wpm_first_pass_raw,wpm_first_pass_busy_adjusted,wpm_first_pass_strict_adjusted,wpm_reading_only_raw,highlight_words_per_10k_words,finish_year,usable_for_speed,usable_for_confident_speed,usable_for_screened_speed,speed_screen_exclusion_reason
finish_0007,Star Maker,2020-11-23,135.0,97.5,97.5,30.0,30.0,30.0,0.0,0.0,0.0,105.0,67.5,67.5,2,2020-11-22,2020-11-23,135.0,raw_calendar_duration_sum,37.5,37.5,1,False,,,68750.0,metadata_pages_x_words_per_page,medium,,,250.0,68750.0,fiction,0,0,0,509.25925925925924,509.25925925925924,705.1282051282051,705.1282051282051,2291.6666666666665,0.0,2020,True,False,True,
finish_0023,Notes From Underground,2021-11-30,135.0,127.5,127.5,135.0,127.5,127.5,0.0,0.0,0.0,0.0,0.0,0.0,4,2021-11-27,2021-11-30,135.0,raw_calendar_duration_sum,7.5,7.5,1,False,,,36300.0,metadata_pages_x_words_per_page,medium,,,132.0,36300.0,Literature,0,0,0,268.8888888888889,268.8888888888889,284.70588235294116,284.70588235294116,268.8888888888889,0.0,2021,True,False,True,
finish_0026,Supplying War,2022-01-03,360.0,292.5,292.5,360.0,292.5,292.5,0.0,0.0,0.0,0.0,0.0,0.0,7,2021-11-08,2022-01-02,360.0,raw_calendar_duration_sum,67.5,67.5,1,False,,,78100.0,metadata_pages_x_words_per_page,medium,,,284.0,78100.0,"Business, management",0,0,0,216.94444444444446,216.94444444444446,267.008547008547,267.008547008547,216.94444444444446,0.0,2022,True,False,True,
finish_0027,Writing that works,2022-01-05,135.0,105.0,105.0,135.0,105.0,105.0,0.0,0.0,0.0,0.0,0.0,0.0,4,2022-01-03,2022-01-04,135.0,raw_calendar_duration_sum,30.0,30.0,1,False,,,41800.0,metadata_pages_x_words_per_page,medium,,,152.0,41800.0,"Business, management",0,0,0,309.6296296296296,309.6296296296296,398.0952380952381,398.0952380952381,309.6296296296296,0.0,2022,True,False,True,
finish_0028,Rainbows end,2022-01-05,270.0,221.25,221.25,270.0,221.25,221.25,0.0,0.0,0.0,0.0,0.0,0.0,5,2021-12-28,2021-12-30,270.0,raw_calendar_duration_sum,48.75,48.75,1,False,,,105600.0,metadata_pages_x_words_per_page,medium,,,384.0,105600.0,fiction,0,0,0,391.1111111111111,391.1111111111111,477.2881355932203,477.2881355932203,391.1111111111111,0.0,2022,True,False,True,
finish_0029,Inimitable Jeeves,2022-01-10,105.0,75.0,75.0,105.0,75.0,75.0,0.0,0.0,0.0,0.0,0.0,0.0,3,2022-01-08,2022-01-09,105.0,raw_calendar_duration_sum,30.0,30.0,1,False,,,61600.0,metadata_pages_x_words_per_page,medium,,,224.0,61600.0,Literature,0,0,0,586.6666666666666,586.6666666666666,821.3333333333334,821.3333333333334,586.6666666666666,0.0,2022,True,False,True,
finish_0033,Dune Messiah,2022-02-18,225.0,112.5,75.0,225.0,112.5,75.0,0.0,0.0,0.0,0.0,0.0,0.0,3,2022-02-18,2022-02-18,225.0,raw_calendar_duration_sum,112.5,150.0,1,False,,,76450.0,metadata_pages_x_words_per_page,medium,,,278.0,76450.0,fiction,0,0,0,339.77777777777777,339.77777777777777,679.5555555555555,1019.3333333333334,339.77777777777777,0.0,2022,True,False,True,
finish_0045,talent,2022-06-03,405.0,360.0,330.0,405.0,360.0,330.0,0.0,0.0,0.0,0.0,0.0,0.0,12,2022-05-20,2022-06-02,405.0,raw_calendar_duration_sum,45.0,75.0,1,False,,,79200.0,metadata_pages_x_words_per_page,medium,,,288.0,79200.0,"Business, management",0,0,0,195.55555555555554,195.55555555555554,220.0,240.0,195.55555555555554,0.0,2022,True,False,True,
finish_0046,Coders at work,2022-06-04,555.0,532.5,530.0,555.0,532.5,530.0,0.0,0.0,0.0,0.0,0.0,0.0,11,2022-01-12,2022-06-04,555.0,raw_calendar_duration_sum,22.5,25.0,1,False,,,169675.0,metadata_pages_x_words_per_page,medium,,,617.0,169675.0,"Business, management",0,0,0,305.72072072072075,305.72072072072075,318.63849765258215,320.14150943396226,305.72072072072075,0.0,2022,True,False,True,
finish_0052,the machine that changed the world,2022-09-25,195.0,195.0,195.0,180.0,180.0,180.0,0.0,0.0,0.0,15.0,15.0,15.0,6,2022-09-11,2022-09-25,195.0,raw_calendar_duration_sum,0.0,0.0,1,False,,,96800.0,metadata_pages_x_words_per_page,medium,,,352.0,96800.0,"Business, management",0,0,0,496.4102564102564,496.4102564102564,496.4102564102564,496.4102564102564,537.7777777777778,0.0,2022,True,False,True,
finish_0058,the golden enclaves,2022-12-06,465.0,450.0,450.0,375.0,367.5,367.5,0.0,0.0,0.0,90.0,82.5,82.5,2,2022-12-05,2022-12-06,465.0,raw_calendar_duration_sum,15.0,15.0,1,False,,,105600.0,metadata_pages_x_words_per_page,medium,,,384.0,105600.0,fiction,0,0,0,227.09677419354838,227.09677419354838,234.66666666666666,234.66666666666666,281.6,0.0,2022,True,False,True,
finish_0064,nf,2023-01-11,135.0,105.0,95.0,120.0,90.0,80.0,0.0,0.0,0.0,15.0,15.0,15.0,6,2023-01-03,2023-01-11,135.0,raw_calendar_duration_sum,30.0,40.0,1,False,,,85800.0,metadata_pages_x_words_per_page,medium,,,312.0,85800.0,General Reading,0,0,0,635.5555555555555,635.5555555555555,817.1428571428571,903.1578947368421,715.0,0.0,2023,True,False,True,
finish_0065,Piccadilly Jim,2023-01-23,315.0,292.5,292.5,240.0,232.5,232.5,0.0,0.0,0.0,75.0,60.0,60.0,5,2023-01-18,2023-01-23,315.0,raw_calendar_duration_sum,22.5,22.5,1,False,,,75350.0,metadata_pages_x_words_per_page,medium,,,274.0,75350.0,Literature,637,20,0,239.20634920634922,239.20634920634922,257.6068376068376,257.6068376068376,313.9583333333333,84.53881884538819,2023,True,False,True,
finish_0067,what do you care what other people think,2023-02-26,255.0,217.5,217.5,240.0,210.0,210.0,0.0,0.0,0.0,15.0,7.5,7.5,4,2023-02-26,2023-02-26,255.0,raw_calendar_duration_sum,37.5,37.5,1,False,,,70400.0,metadata_pages_x_words_per_page,medium,,,256.0,70400.0,General Reading,0,0,0,276.078431372549,276.078431372549,323.67816091954023,323.67816091954023,293.3333333333333,0.0,2023,True,False,True,
finish_0068,surely you're joking Feynman,2023-02-28,375.0,322.5,320.1666666666667,330.0,285.0,282.6666666666667,0.0,0.0,0.0,45.0,37.5,37.5,5,2023-02-27,2023-02-28,375.0,raw_calendar_duration_sum,52.5,54.833333333333314,1,False,,,96800.0,metadata_pages_x_words_per_page,medium,,,352.0,96800.0,General Reading,0,0,0,258.1333333333333,258.1333333333333,300.15503875968994,302.3425299323269,293.3333333333333,0.0,2023,True,False,True,
finish_0070,Full faith and credit,2023-04-23,450.0,352.5,352.5,375.0,307.5,307.5,0.0,0.0,0.0,75.0,45.0,45.0,7,2023-04-16,2023-04-23,450.0,raw_calendar_duration_sum,97.5,97.5,1,False,,,82500.0,metadata_pages_x_words_per_page,medium,,,300.0,82500.0,"Business, management",0,0,0,183.33333333333334,183.33333333333334,234.04255319148936,234.04255319148936,220.0,0.0,2023,True,False,True,
finish_0073,Starship Troopers,2023-06-20,285.0,180.0,141.25,75.0,75.0,75.0,0.0,0.0,0.0,210.0,105.0,66.25,3,2023-06-11,2023-06-20,285.0,raw_calendar_duration_sum,105.0,143.75,1,False,,,64075.0,metadata_pages_x_words_per_page,medium,,,233.0,64075.0,fiction,0,0,0,224.82456140350877,224.82456140350877,355.97222222222223,453.62831858407077,854.3333333333334,0.0,2023,True,False,True,
finish_0074,stranger in a strange land,2023-07-04,675.0,547.5,517.5,525.0,405.0,375.0,0.0,0.0,0.0,150.0,142.5,142.5,10,2023-07-01,2023-07-04,675.0,raw_calendar_duration_sum,127.5,157.5,1,False,,,120450.0,metadata_pages_x_words_per_page,medium,,,438.0,120450.0,fiction,2371,66,0,178.44444444444446,178.44444444444446,220.0,232.7536231884058,229.42857142857142,196.84516396845163,2023,True,False,True,
finish_0076,The Moon is a harsh mistress,2023-07-26,435.0,420.0,420.0,330.0,315.0,315.0,0.0,0.0,0.0,105.0,105.0,105.0,4,2023-07-25,2023-07-26,435.0,raw_calendar_duration_sum,15.0,15.0,1,False,,,99000.0,metadata_pages_x_words_per_page,medium,,,360.0,99000.0,fiction,0,0,0,227.58620689655172,227.58620689655172,235.71428571428572,235.71428571428572,300.0,0.0,2023,True,False,True,
finish_0078,Player of Games,2023-08-16,420.0,420.0,420.0,225.0,225.0,225.0,0.0,0.0,0.0,195.0,195.0,195.0,5,2023-08-14,2023-08-16,420.0,raw_calendar_duration_sum,0.0,0.0,1,False,,,88000.0,metadata_pages_x_words_per_page,medium,,,320.0,88000.0,fiction,1754,50,76,209.52380952380952,209.52380952380952,209.52380952380952,209.52380952380952,391.1111111111111,199.3181818181818,2023,True,False,True,
finish_0080,The Peace War,2023-08-29,255.0,232.5,232.5,0.0,0.0,0.0,0.0,0.0,0.0,255.0,232.5,232.5,1,2023-08-29,2023-08-29,255.0,raw_calendar_duration_sum,22.5,22.5,1,False,,,85525.0,metadata_pages_x_words_per_page,medium,,,311.0,85525.0,fiction,0,0,0,335.3921568627451,335.3921568627451,367.8494623655914,367.8494623655914,inf,0.0,2023,True,False,True,
finish_0081,The sun also rises,2023-10-04,225.0,202.5,202.5,165.0,142.5,142.5,0.0,0.0,0.0,60.0,60.0,60.0,6,2023-09-24,2023-10-04,225.0,raw_calendar_duration_sum,22.5,22.5,1,False,,,67925.0,metadata_pages_x_words_per_page,medium,,,247.0,67925.0,Literature,1176,28,0,301.8888888888889,301.8888888888889,335.4320987654321,335.4320987654321,411.6666666666667,173.13213102686788,2023,True,False,True,
finish_0082,hpmor,2023-10-25,1590.0,1537.5,1535.0,1200.0,1155.0,1152.5,0.0,0.0,0.0,390.0,382.5,382.5,9,2023-10-21,2023-10-25,1590.0,raw_calendar_duration_sum,52.5,55.0,1,False,,,540925.0,metadata_pages_x_words_per_page,medium,,,1967.0,540925.0,fiction,1831,53,72,340.20440251572325,340.20440251572325,351.8211382113821,352.3941368078176,450.7708333333333,33.849424596755554,2023,True,False,True,
finish_0083,3 men in a boat,2023-11-08,285.0,277.5,277.5,180.0,180.0,180.0,0.0,0.0,0.0,105.0,97.5,97.5,5,2023-11-08,2023-11-08,285.0,raw_calendar_duration_sum,7.5,7.5,1,False,,,50600.0,metadata_pages_x_words_per_page,medium,,,184.0,50600.0,Literature,900,21,0,177.5438596491228,177.5438596491228,182.34234234234233,182.34234234234233,281.1111111111111,177.86561264822134,2023,True,False,True,
finish_0084,out of the silent planet,2023-12-05,225.0,210.0,210.0,165.0,165.0,165.0,0.0,0.0,0.0,60.0,45.0,45.0,4,2023-11-29,2023-12-05,225.0,raw_calendar_duration_sum,15.0,15.0,1,False,,,57757.0,manual_count:https://www.gutenberg.ca/ebooks/lewiscs-outofthesilentplanet/lewiscs-outofthesilentplanet-00-h.html,high,/Users/clarkbenham/Documents/Books/eleven_upload/Literature/Out of the Silent Planet by CS Lewis.pdf,RuntimeError: pdftotext failed: I/O Error: Couldn't open file '/Users/clarkbenham/Documents/Books/eleven_upload/Literature/Out of the Silent Planet by CS Lewis.pdf': Operation not permitted.,174.0,47850.0,fiction,0,0,0,256.6977777777778,256.6977777777778,275.03333333333336,275.03333333333336,350.04242424242426,0.0,2023,True,True,True,
finish_0085,perelandra,2023-12-10,270.0,247.5,247.5,180.0,157.5,157.5,0.0,0.0,0.0,90.0,90.0,90.0,7,2023-12-06,2023-12-10,270.0,raw_calendar_duration_sum,22.5,22.5,1,False,,,61325.0,metadata_pages_x_words_per_page,medium,,,223.0,61325.0,fiction,0,0,0,227.12962962962962,227.12962962962962,247.77777777777777,247.77777777777777,340.69444444444446,0.0,2023,True,False,True,
finish_0086,that hideous strength,2023-12-14,480.0,360.0,355.0,465.0,345.0,340.0,0.0,0.0,0.0,15.0,15.0,15.0,9,2023-12-11,2023-12-14,480.0,raw_calendar_duration_sum,120.0,125.0,1,False,,,105050.0,metadata_pages_x_words_per_page,medium,,,382.0,105050.0,fiction,0,0,0,218.85416666666666,218.85416666666666,291.80555555555554,295.9154929577465,225.91397849462365,0.0,2023,True,False,True,
finish_0087,the screwtape letters,2023-12-21,120.0,120.0,120.0,0.0,0.0,0.0,0.0,0.0,0.0,120.0,120.0,120.0,1,2023-12-21,2023-12-21,120.0,raw_calendar_duration_sum,0.0,0.0,1,False,,,44000.0,metadata_pages_x_words_per_page,medium,,,160.0,44000.0,Literature,6402,130,0,366.6666666666667,366.6666666666667,366.6666666666667,366.6666666666667,inf,1455.0,2023,True,False,True,
finish_0088,the abolition of man,2023-12-23,180.0,97.5,97.5,75.0,45.0,45.0,0.0,0.0,0.0,105.0,52.5,52.5,3,2022-06-02,2023-12-24,180.0,raw_calendar_duration_sum,82.5,82.5,1,False,,,32175.0,metadata_pages_x_words_per_page,medium,,,117.0,32175.0,Literature,0,0,0,178.75,178.75,330.0,330.0,429.0,0.0,2023,True,False,True,
finish_0089,the man who was Thursday,2024-01-20,255.0,247.5,245.0,165.0,157.5,155.0,0.0,0.0,0.0,90.0,90.0,90.0,5,2024-01-17,2024-01-20,255.0,raw_calendar_duration_sum,7.5,10.0,1,False,,,44550.0,metadata_pages_x_words_per_page,medium,,,162.0,44550.0,Literature,1285,23,0,174.7058823529412,174.7058823529412,180.0,181.83673469387756,270.0,288.43995510662177,2024,True,False,True,
finish_0092,How to win friends and influence people,2024-02-23,315.0,262.5,262.5,285.0,232.5,232.5,0.0,0.0,0.0,30.0,30.0,30.0,10,2023-08-26,2024-02-23,315.0,raw_calendar_duration_sum,52.5,52.5,1,False,,,75900.0,metadata_pages_x_words_per_page,medium,,,276.0,75900.0,"Business, management",0,0,0,240.95238095238096,240.95238095238096,289.14285714285717,289.14285714285717,266.3157894736842,0.0,2024,True,False,True,
finish_0094,Jude the obscure,2024-03-08,570.0,420.0,406.25,510.0,390.0,378.75,0.0,0.0,0.0,60.0,30.0,27.5,8,2024-03-03,2024-03-08,570.0,raw_calendar_duration_sum,150.0,163.75,1,False,,,66000.0,metadata_pages_x_words_per_page,medium,,,240.0,66000.0,Literature,0,0,0,115.78947368421052,115.78947368421052,157.14285714285714,162.46153846153845,129.41176470588235,0.0,2024,True,False,True,
finish_0095,A Connecticut Yankee in King Arthur's Court,2024-03-12,345.0,292.5,290.0,285.0,255.0,252.5,0.0,0.0,0.0,60.0,37.5,37.5,6,2022-10-26,2024-03-12,345.0,raw_calendar_duration_sum,52.5,55.0,1,False,,,109175.0,metadata_pages_x_words_per_page,medium,,,397.0,109175.0,Literature,3665,63,102,316.4492753623188,316.4492753623188,373.2478632478632,376.4655172413793,383.0701754385965,335.69956491870846,2024,True,False,True,
finish_0096,the checklist manifesto,2024-03-19,135.0,127.5,125.0,30.0,30.0,30.0,0.0,0.0,0.0,105.0,97.5,95.0,2,2024-03-19,2024-03-19,135.0,raw_calendar_duration_sum,7.5,10.0,1,False,,,57475.0,metadata_pages_x_words_per_page,medium,,,209.0,57475.0,"Business, management",6154,104,4,425.74074074074076,425.74074074074076,450.7843137254902,459.8,1915.8333333333333,1070.7264027838191,2024,True,False,True,
finish_0100,the world of null-a,2024-05-04,195.0,165.0,165.0,120.0,105.0,105.0,0.0,0.0,0.0,75.0,60.0,60.0,4,2024-05-04,2024-05-04,195.0,raw_calendar_duration_sum,30.0,30.0,1,False,,,60775.0,metadata_pages_x_words_per_page,medium,,,221.0,60775.0,fiction,0,0,0,311.6666666666667,311.6666666666667,368.3333333333333,368.3333333333333,506.4583333333333,0.0,2024,True,False,True,
finish_0101,16 ways to defend a walled city,2024-05-11,285.0,247.5,247.5,0.0,0.0,0.0,0.0,0.0,0.0,285.0,247.5,247.5,1,2024-05-11,2024-05-11,285.0,raw_calendar_duration_sum,37.5,37.5,1,False,,,105600.0,metadata_pages_x_words_per_page,medium,,,384.0,105600.0,fiction,1144,27,12,370.5263157894737,370.5263157894737,426.6666666666667,426.6666666666667,inf,108.33333333333334,2024,True,False,True,
finish_0104,consider phlebas,2024-06-04,555.0,492.5,490.0,510.0,455.0,452.5,0.0,0.0,0.0,45.0,37.5,37.5,12,2024-05-16,2024-06-04,555.0,raw_calendar_duration_sum,62.5,65.0,1,False,,,129525.0,metadata_pages_x_words_per_page,medium,,,471.0,129525.0,fiction,0,0,0,233.3783783783784,233.3783783783784,262.994923857868,264.33673469387753,253.97058823529412,0.0,2024,True,False,True,
finish_0105,50 essays by George Orwell,2024-06-19,240.0,120.0,120.0,135.0,67.5,67.5,0.0,0.0,0.0,105.0,52.5,52.5,2,2024-06-10,2024-06-19,240.0,raw_calendar_duration_sum,120.0,120.0,1,False,,,95150.0,metadata_pages_x_words_per_page,medium,,,346.0,95150.0,Literature,20023,298,86,396.4583333333333,396.4583333333333,792.9166666666666,792.9166666666666,704.8148148148148,2104.3615344193377,2024,True,False,True,
finish_0106,Jeeves stories,2024-06-30,532.5,457.5,452.5,472.5,427.5,422.5,0.0,0.0,0.0,60.0,30.0,30.0,15,2024-03-30,2024-06-30,532.5,raw_calendar_duration_sum,75.0,80.0,1,False,,,72325.0,metadata_pages_x_words_per_page,medium,,,263.0,72325.0,Literature,2823,64,0,135.82159624413146,135.82159624413146,158.08743169398906,159.8342541436464,153.06878306878306,390.3214656066367,2024,True,False,True,
finish_0107,just for fun,2024-07-13,195.0,165.0,162.5,165.0,142.5,140.0,0.0,0.0,0.0,30.0,22.5,22.5,4,2024-06-30,2024-07-13,195.0,raw_calendar_duration_sum,30.0,32.5,1,False,,,75625.0,metadata_pages_x_words_per_page,medium,,,275.0,75625.0,"Business, management",7951,111,102,387.8205128205128,387.8205128205128,458.3333333333333,465.38461538461536,458.3333333333333,1051.3719008264463,2024,True,False,True,
finish_0111,there is no anti-memetic division,2024-08-24,180.0,155.0,155.0,120.0,120.0,120.0,0.0,0.0,0.0,60.0,35.0,35.0,2,2024-08-24,2024-08-24,180.0,raw_calendar_duration_sum,25.0,25.0,1,False,,,69575.0,metadata_pages_x_words_per_page,medium,,,253.0,69575.0,fiction,0,0,0,386.52777777777777,386.52777777777777,448.8709677419355,448.8709677419355,579.7916666666666,0.0,2024,True,False,True,
finish_0114,a supposedly fun thing I’ll never do again,2024-09-04,375.0,265.0,257.5,300.0,190.0,182.5,0.0,0.0,0.0,75.0,75.0,75.0,5,2024-09-03,2024-09-04,375.0,raw_calendar_duration_sum,110.0,117.5,1,False,,,97075.0,metadata_pages_x_words_per_page,medium,,,353.0,97075.0,General Reading,9021,95,38,258.8666666666667,258.8666666666667,366.3207547169811,376.99029126213594,323.5833333333333,929.2814833891321,2024,True,False,True,
finish_0115,the Oxford book of short stories,2024-09-14,780.0,682.5,675.6972222222222,750.0,652.5,645.6972222222222,0.0,0.0,0.0,30.0,30.0,30.0,21,2024-08-07,2024-09-14,780.0,raw_calendar_duration_sum,97.5,104.3027777777778,1,False,,,150425.0,metadata_pages_x_words_per_page,medium,,,547.0,150425.0,Literature,4537,67,0,192.85256410256412,192.85256410256412,220.4029304029304,222.62190083494005,200.56666666666666,301.6120990526841,2024,True,False,True,
finish_0116,red plenty,2024-09-19,600.0,562.5,562.5,585.0,547.5,547.5,0.0,0.0,0.0,15.0,15.0,15.0,10,2024-09-17,2024-09-19,600.0,raw_calendar_duration_sum,37.5,37.5,1,False,,,119350.0,metadata_pages_x_words_per_page,medium,,,434.0,119350.0,General Reading,14255,172,52,198.91666666666666,198.91666666666666,212.17777777777778,212.17777777777778,204.01709401709402,1194.386258902388,2024,True,False,True,
finish_0117,the innocence of father brown,2024-09-25,255.0,165.0,165.0,240.0,150.0,150.0,0.0,0.0,0.0,15.0,15.0,15.0,9,2024-06-12,2024-09-25,255.0,raw_calendar_duration_sum,90.0,90.0,1,False,,,57200.0,metadata_pages_x_words_per_page,medium,,,208.0,57200.0,General Reading,0,0,0,224.31372549019608,224.31372549019608,346.6666666666667,346.6666666666667,238.33333333333334,0.0,2024,True,False,True,
finish_0119,brief interviews with hideous men,2024-10-09,420.0,382.5,380.0,405.0,367.5,365.0,0.0,0.0,0.0,15.0,15.0,15.0,10,2024-09-14,2024-10-09,420.0,raw_calendar_duration_sum,37.5,40.0,1,False,,,77275.0,metadata_pages_x_words_per_page,medium,,,281.0,77275.0,Literature,3880,47,0,183.98809523809524,183.98809523809524,202.0261437908497,203.35526315789474,190.80246913580248,502.1028793270786,2024,True,False,True,
finish_0126,how to fail at almost everything and still win big,2024-10-30,210.0,165.0,157.5,105.0,90.0,87.5,0.0,0.0,0.0,105.0,75.0,69.99999999999999,4,2024-10-22,2024-10-30,210.0,raw_calendar_duration_sum,45.0,52.5,1,False,,,68200.0,metadata_pages_x_words_per_page,medium,,,248.0,68200.0,"Business, management",6308,116,138,324.76190476190476,324.76190476190476,413.3333333333333,433.015873015873,649.5238095238095,924.9266862170089,2024,True,False,True,
finish_0128,iiatt,2024-11-08,165.0,150.0,150.0,135.0,127.5,127.5,0.0,0.0,0.0,30.0,22.5,22.5,4,2024-11-01,2024-11-08,165.0,raw_calendar_duration_sum,15.0,15.0,1,False,,,57200.0,metadata_pages_x_words_per_page,medium,,,208.0,57200.0,General Reading,7383,138,102,346.6666666666667,346.6666666666667,381.3333333333333,381.3333333333333,423.7037037037037,1290.7342657342658,2024,True,False,True,
finish_0130,designing machine learning systems,2024-11-21,225.0,187.5,187.5,90.0,90.0,90.0,0.0,0.0,0.0,135.0,97.5,97.5,2,2024-11-18,2024-11-21,225.0,raw_calendar_duration_sum,37.5,37.5,1,False,,,106150.0,metadata_pages_x_words_per_page,medium,,,386.0,106150.0,Machine Learning,7297,175,196,471.77777777777777,471.77777777777777,566.1333333333333,566.1333333333333,1179.4444444444443,687.423457371644,2024,True,False,True,
finish_0131,declare,2024-11-28,540.0,442.5,435.0,270.0,217.5,212.5,0.0,0.0,0.0,270.0,225.0,222.5,5,2024-11-20,2024-11-28,540.0,raw_calendar_duration_sum,97.5,105.0,1,False,,,145200.0,metadata_pages_x_words_per_page,medium,,,528.0,145200.0,fiction,0,0,0,268.8888888888889,268.8888888888889,328.135593220339,333.7931034482759,537.7777777777778,0.0,2024,True,False,True,
finish_0133,machine learning engineering,2024-12-12,220.0,197.5,197.5,175.0,152.5,152.5,0.0,0.0,0.0,45.0,45.0,45.0,6,2024-12-01,2024-12-12,220.0,raw_calendar_duration_sum,22.5,22.5,1,False,,,82775.0,metadata_pages_x_words_per_page,medium,,,301.0,82775.0,Machine Learning,0,0,0,376.25,376.25,419.11392405063293,419.11392405063293,473.0,0.0,2024,True,False,True,
finish_0138,Apollo,2025-01-01,630.0,465.0,460.0,450.0,375.0,375.0,0.0,0.0,0.0,180.0,90.0,85.0,4,2024-12-30,2025-01-01,630.0,raw_calendar_duration_sum,165.0,170.0,1,False,,,140800.0,metadata_pages_x_words_per_page,medium,,,512.0,140800.0,"Business, management",31523,421,392,223.4920634920635,223.4920634920635,302.7956989247312,306.0869565217391,312.8888888888889,2238.8494318181815,2025,True,False,True,
finish_0140,parkinson's law,2025-01-14,90.0,90.0,90.0,60.0,60.0,60.0,0.0,0.0,0.0,30.0,30.0,30.0,2,2025-01-14,2025-01-14,90.0,raw_calendar_duration_sum,0.0,0.0,1,False,,,38500.0,metadata_pages_x_words_per_page,medium,,,140.0,38500.0,"Business, management",0,0,0,427.77777777777777,427.77777777777777,427.77777777777777,427.77777777777777,641.6666666666666,0.0,2025,True,False,True,
finish_0142,life and fate,2025-01-21,1125.0,967.5,965.0,1035.0,885.0,882.5,0.0,0.0,0.0,90.0,82.5,82.5,17,2025-01-04,2025-01-21,1125.0,raw_calendar_duration_sum,157.5,160.0,1,False,,,133925.0,metadata_pages_x_words_per_page,medium,,,487.0,133925.0,Literature,26672,254,160,119.04444444444445,119.04444444444445,138.4237726098191,138.78238341968913,129.39613526570048,1991.5624416651112,2025,True,False,True,
finish_0143,Monday starts on Saturday,2025-01-27,210.0,172.5,172.5,165.0,127.5,127.5,0.0,0.0,0.0,45.0,45.0,45.0,6,2025-01-25,2025-01-27,210.0,raw_calendar_duration_sum,37.5,37.5,1,False,,,83600.0,metadata_pages_x_words_per_page,medium,,,304.0,83600.0,fiction,2818,38,16,398.0952380952381,398.0952380952381,484.6376811594203,484.6376811594203,506.6666666666667,337.0813397129187,2025,True,False,True,
finish_0145,atomic habits,2025-01-31,165.0,150.0,150.0,135.0,127.5,127.5,0.0,0.0,0.0,30.0,22.5,22.5,4,2025-01-27,2025-01-31,165.0,raw_calendar_duration_sum,15.0,15.0,1,False,,,88550.0,metadata_pages_x_words_per_page,medium,,,322.0,88550.0,General Reading,4507,104,64,536.6666666666666,536.6666666666666,590.3333333333334,590.3333333333334,655.925925925926,508.97797854319595,2025,True,False,True,
