event_id,source_row_id,date,start,end,calendar_name,summary,part_summary,event_type,book_ref,is_audiobook_time,calendar_analysis_duration_hours,wall_clock_duration_hours,include_in_first_pass_time,inclusion_rule,overlap_policy_duration_hours,overlap_policy_rule,overlap_other_events,overlap_other_calendars,overlap_restored_hours,overlap_total_minutes,overlap_longest_minutes,title,finish_id,matched_finish_date,match_method
calendar_analysis_row_005738_part_0,calendar_analysis_row_005738,2022-05-25,2022-05-25 05:15:00+00:00,2022-05-25 05:45:00+00:00,clark.benham@gmail.com,finished cs book: SQL,finished cs book: SQL,finished,SQL,False,0.5,0.5,True,bare_finished_marker_with_book_ref_duration,0.5,calendar_analysis_duration,,,0.0,0.0,0.0,SQL,finish_0023,2022-05-25,finished_event_identity
calendar_analysis_row_016973_part_0,calendar_analysis_row_016973,2024-01-31,2024-01-31 21:45:00+00:00,2024-01-31 22:00:00+00:00,Things,Book:tt,Book:tt,reading,tt,False,0.25,0.25,True,explicit_reading_or_audiobook_duration,0.25,calendar_analysis_duration,,,0.0,0.0,0.0,Tremendous Trifles,finish_0072,2024-03-01,ref_to_finished_title
calendar_analysis_row_017365_part_0,calendar_analysis_row_017365,2024-02-22,2024-02-22 20:15:00+00:00,2024-02-22 20:30:00+00:00,Things,Book:tt,Book:tt,reading,tt,False,0.25,0.25,True,explicit_reading_or_audiobook_duration,0.25,calendar_analysis_duration,,,0.0,0.0,0.0,Tremendous Trifles,finish_0072,2024-03-01,ref_to_finished_title
calendar_analysis_row_017524_part_0,calendar_analysis_row_017524,2024-02-28,2024-02-28 20:15:00+00:00,2024-02-28 20:45:00+00:00,Things,Books,Books,generic,,False,0.5,0.5,False,generic_temporal_read_not_counted_by_default,0.5,calendar_analysis_duration,,,0.0,0.0,0.0,Tremendous Trifles,finish_0072,2024-03-01,generic_temporal
calendar_analysis_row_017532_part_0,calendar_analysis_row_017532,2024-02-29,2024-02-29 10:00:00+00:00,2024-02-29 10:30:00+00:00,Things,read,read,generic,,False,0.5,0.5,False,generic_temporal_read_not_counted_by_default,0.5,calendar_analysis_duration,,,0.0,0.0,0.0,Tremendous Trifles,finish_0072,2024-03-01,generic_temporal
calendar_analysis_row_017539_part_0,calendar_analysis_row_017539,2024-02-29,2024-02-29 21:45:00+00:00,2024-02-29 22:15:00+00:00,Things,books,books,generic,,False,0.5,0.5,False,generic_temporal_read_not_counted_by_default,0.5,calendar_analysis_duration,,,0.0,0.0,0.0,Tremendous Trifles,finish_0072,2024-03-01,generic_temporal
calendar_analysis_row_017548_part_0,calendar_analysis_row_017548,2024-03-01,2024-03-01 09:00:00+00:00,2024-03-01 09:30:00+00:00,Things,Book,Book,generic,,False,0.5,0.5,False,generic_temporal_read_not_counted_by_default,0.5,calendar_analysis_duration,,,0.0,0.0,0.0,Tremendous Trifles,finish_0072,2024-03-01,generic_temporal
calendar_analysis_row_017551_part_0,calendar_analysis_row_017551,2024-03-01,2024-03-01 16:15:00+00:00,2024-03-01 16:45:00+00:00,Things,finished book: tremendous trifles,finished book: tremendous trifles,finished,tremendous trifles,False,0.5,0.5,True,explicit_finished_book_duration,0.5,calendar_analysis_duration,,,0.0,0.0,0.0,Tremendous Trifles,finish_0072,2024-03-01,finished_event_identity
calendar_analysis_row_021254_part_0,calendar_analysis_row_021254,2024-08-03,2024-08-03 21:30:00+00:00,2024-08-03 22:00:00+00:00,Things,Books,Books,generic,,False,0.25,0.5,False,generic_temporal_read_not_counted_by_default,0.25,calendar_analysis_duration,,,0.0,0.0,0.0,what is man and other essays,finish_0088,2024-08-07,generic_temporal
calendar_analysis_row_021346_part_0,calendar_analysis_row_021346,2024-08-07,2024-08-07 05:30:00+00:00,2024-08-07 06:30:00+00:00,Things,Book:wimaoe,Book:wimaoe,reading,wimaoe,False,1.0,1.0,True,explicit_reading_or_audiobook_duration,1.0,calendar_analysis_duration,,,0.0,0.0,0.0,what is man and other essays,finish_0088,2024-08-07,ref_to_finished_title
calendar_analysis_row_021348_part_0,calendar_analysis_row_021348,2024-08-07,2024-08-07 16:15:00+00:00,2024-08-07 16:30:00+00:00,Things,Finished book: what is man and other essays,Finished book: what is man and other essays,finished,what is man and other essays,False,0.25,0.25,True,explicit_finished_book_duration,0.25,calendar_analysis_duration,,,0.0,0.0,0.0,what is man and other essays,finish_0088,2024-08-07,finished_event_identity
calendar_analysis_row_021360_part_0,calendar_analysis_row_021360,2024-08-07,2024-08-07 23:45:00+00:00,2024-08-08 00:00:00+00:00,Things,books,books,generic,,False,0.25,0.25,False,generic_temporal_read_not_counted_by_default,0.25,calendar_analysis_duration,,,0.0,0.0,0.0,what is man and other essays,finish_0088,2024-08-07,generic_temporal
calendar_analysis_row_021656_part_0,calendar_analysis_row_021656,2024-08-19,2024-08-19 19:00:00+00:00,2024-08-19 19:30:00+00:00,Things,book:toboe,book:toboe,reading,toboe,False,0.375,0.5,True,explicit_reading_or_audiobook_duration,0.375,calendar_analysis_duration_overlap_lte_15m,Failed nap,"Meals, Supplements, Sleep",0.0,15.0,15.0,the Oxford book of essays,finish_0131,2025-03-22,ref_to_finished_title
calendar_analysis_row_026434_part_0,calendar_analysis_row_026434,2025-02-11,2025-02-11 20:45:00+00:00,2025-02-11 21:30:00+00:00,Things,Book:toboe,Book:toboe,reading,toboe,False,0.75,0.75,True,explicit_reading_or_audiobook_duration,0.75,calendar_analysis_duration,,,0.0,0.0,0.0,the Oxford book of essays,finish_0131,2025-03-22,ref_to_finished_title
calendar_analysis_row_027165_part_0,calendar_analysis_row_027165,2025-03-06,2025-03-06 11:30:00+00:00,2025-03-06 12:00:00+00:00,Things,book:toboe,book:toboe,reading,toboe,False,0.5,0.5,True,explicit_reading_or_audiobook_duration,0.5,calendar_analysis_duration,,,0.0,0.0,0.0,the Oxford book of essays,finish_0131,2025-03-22,ref_to_finished_title
calendar_analysis_row_027240_part_0,calendar_analysis_row_027240,2025-03-08,2025-03-08 21:15:00+00:00,2025-03-08 21:30:00+00:00,Things,book:toboe,book:toboe,reading,toboe,False,0.25,0.25,True,explicit_reading_or_audiobook_duration,0.25,calendar_analysis_duration,,,0.0,0.0,0.0,the Oxford book of essays,finish_0131,2025-03-22,ref_to_finished_title
calendar_analysis_row_027415_part_0,calendar_analysis_row_027415,2025-03-14,2025-03-14 10:00:00+00:00,2025-03-14 10:15:00+00:00,Things,Book:toboe,Book:toboe,reading,toboe,False,0.25,0.25,True,explicit_reading_or_audiobook_duration,0.25,calendar_analysis_duration,,,0.0,0.0,0.0,the Oxford book of essays,finish_0131,2025-03-22,ref_to_finished_title
calendar_analysis_row_027491_part_0,calendar_analysis_row_027491,2025-03-17,2025-03-17 21:45:00+00:00,2025-03-17 22:15:00+00:00,Things,Book:toboe,Book:toboe,reading,toboe,False,0.5,0.5,True,explicit_reading_or_audiobook_duration,0.5,calendar_analysis_duration,,,0.0,0.0,0.0,the Oxford book of essays,finish_0131,2025-03-22,ref_to_finished_title
calendar_analysis_row_027493_part_0,calendar_analysis_row_027493,2025-03-17,2025-03-17 23:30:00+00:00,2025-03-18 00:00:00+00:00,Things,Book:toboe,Book:toboe,reading,toboe,False,0.5,0.5,True,explicit_reading_or_audiobook_duration,0.5,calendar_analysis_duration,,,0.0,0.0,0.0,the Oxford book of essays,finish_0131,2025-03-22,ref_to_finished_title
calendar_analysis_row_027657_part_0,calendar_analysis_row_027657,2025-03-22,2025-03-22 18:00:00+00:00,2025-03-22 18:15:00+00:00,Things,Book:toboe,Book:toboe,reading,toboe,False,0.125,0.25,True,explicit_reading_or_audiobook_duration,0.125,calendar_analysis_duration_overlap_lte_15m,Lie in sun,Things,0.0,15.0,15.0,the Oxford book of essays,finish_0131,2025-03-22,ref_to_finished_title
calendar_analysis_row_027660_part_0,calendar_analysis_row_027660,2025-03-22,2025-03-22 19:15:00+00:00,2025-03-22 20:45:00+00:00,Things,Finished book: the Oxford book of essays,Finished book: the Oxford book of essays,finished,the Oxford book of essays,False,0.75,1.5,True,explicit_finished_book_duration,1.5,full_duration_overlap_gt_15m,Lie in sun,Things,0.75,90.0,90.0,the Oxford book of essays,finish_0131,2025-03-22,finished_event_identity
calendar_analysis_row_030918_part_0,calendar_analysis_row_030918,2025-07-21,2025-07-21 23:30:00+00:00,2025-07-21 23:45:00+00:00,Things,Book,Book,generic,,False,0.125,0.25,False,generic_temporal_read_not_counted_by_default,0.125,calendar_analysis_duration,,,0.0,0.0,0.0,blueprint reading: construction drawings for the building trade,finish_0152,2025-07-28,generic_temporal
calendar_analysis_row_031043_part_0,calendar_analysis_row_031043,2025-07-26,2025-07-26 17:45:00+00:00,2025-07-26 18:00:00+00:00,Things,Books,Books,generic,,False,0.25,0.25,False,generic_temporal_read_not_counted_by_default,0.25,calendar_analysis_duration,,,0.0,0.0,0.0,blueprint reading: construction drawings for the building trade,finish_0152,2025-07-28,generic_temporal
calendar_analysis_row_031064_part_0,calendar_analysis_row_031064,2025-07-27,2025-07-27 21:15:00+00:00,2025-07-27 21:45:00+00:00,Things,Books,Books,generic,,False,0.5,0.5,False,generic_temporal_read_not_counted_by_default,0.5,calendar_analysis_duration,,,0.0,0.0,0.0,blueprint reading: construction drawings for the building trade,finish_0152,2025-07-28,generic_temporal
calendar_analysis_row_031094_part_0,calendar_analysis_row_031094,2025-07-28,2025-07-28 17:30:00+00:00,2025-07-28 18:15:00+00:00,Things,finished book: blueprint reading: construction drawings for the building trade,finished book: blueprint reading: construction drawings for the building trade,finished,blueprint reading: construction drawings for the building trade,False,0.75,0.75,True,explicit_finished_book_duration,0.75,calendar_analysis_duration,,,0.0,0.0,0.0,blueprint reading: construction drawings for the building trade,finish_0152,2025-07-28,finished_event_identity
calendar_analysis_row_031816_part_0,calendar_analysis_row_031816,2025-09-01,2025-09-01 20:45:00+00:00,2025-09-01 22:15:00+00:00,Things,Finished book: Everyman for himself and god against all,Finished book: Everyman for himself and god against all,finished,Everyman for himself and god against all,False,1.5,1.5,True,explicit_finished_book_duration,1.5,calendar_analysis_duration,,,0.0,0.0,0.0,Everyman for himself and god against all,finish_0158,2025-09-01,finished_event_identity
