finish_id,title,matched_finish_date,first_pass_calendar_minutes,first_pass_wall_clock_minutes,first_pass_overlap_policy_minutes,reading_calendar_minutes,reading_wall_clock_minutes,reading_overlap_policy_minutes,audiobook_calendar_minutes,audiobook_wall_clock_minutes,audiobook_overlap_policy_minutes,finished_calendar_minutes,finished_wall_clock_minutes,finished_overlap_policy_minutes,n_included_events,first_event,last_event,primary_first_pass_minutes,primary_minutes_rule,calendar_overlap_delta_minutes,overlap_policy_restored_minutes,read_instance,is_reread,previous_finish_date,days_since_previous_finish,chosen_word_count,word_count_source,word_count_confidence,local_file_path,local_file_match_score,local_file_word_count,local_file_error,external_word_count,external_word_count_source,metadata_page_count,metadata_word_estimate,category,highlighted_words,highlight_count,my_note_words,wpm_first_pass_primary,wpm_first_pass_wall_clock,wpm_first_pass_full_wall_clock,audiobook_primary_minutes,non_audio_primary_minutes,audiobook_share_of_primary_minutes,estimated_audio_words_at_350wpm,estimated_visual_words_after_audio_350wpm,wpm_visual_after_audio_350wpm,audio_dominant,wpm_reading_only_calendar,highlight_words_per_10k_words,finish_year,usable_for_speed,usable_for_confident_speed,usable_for_duration_screened_speed,usable_for_visual_reading_speed,duration_screen_exclusion_reason
finish_0002,Open,2021-10-23,360.0,360.0,360.0,270.0,270.0,270.0,0.0,0.0,0.0,90.0,90.0,90.0,2,2021-10-22,2021-10-23,360.0,calendar_analysis_duration_with_compatible_overlap_restored,0.0,0.0,1,False,,,169047.0,local_file_word_count,high,/Users/clarkbenham/side_projects/data/Books/The Architecture of Open Source Applications 2.pdf,80.0,169047.0,,,,,,,0.0,0.0,0.0,469.575,469.575,469.575,0.0,360.0,0.0,0.0,169047.0,469.575,False,626.1,0.0,2021,True,True,True,True,
finish_0003,Notes from Underground,2021-12-01,210.0,210.0,210.0,135.0,135.0,135.0,0.0,0.0,0.0,75.0,75.0,75.0,5,2021-11-27,2021-12-01,210.0,calendar_analysis_duration_with_compatible_overlap_restored,0.0,0.0,1,False,,,36300.0,metadata_pages_x_words_per_page,medium,,0.0,,,,,132.0,36300.0,Literature,0.0,0.0,0.0,172.85714285714286,172.85714285714286,172.85714285714286,0.0,210.0,0.0,0.0,36300.0,172.85714285714286,False,268.8888888888889,0.0,2021,True,False,True,True,
finish_0005,bobby-fischer-teaches-chess.pdf,2022-01-01,165.0,165.0,165.0,75.0,75.0,75.0,0.0,0.0,0.0,90.0,90.0,90.0,3,2021-12-21,2022-01-01,165.0,calendar_analysis_duration_with_compatible_overlap_restored,0.0,0.0,1,False,,,91850.0,metadata_pages_x_words_per_page,medium,,0.0,,,,,334.0,91850.0,General Reading,0.0,0.0,0.0,556.6666666666666,556.6666666666666,556.6666666666666,0.0,165.0,0.0,0.0,91850.0,556.6666666666666,False,1224.6666666666667,0.0,2022,True,False,True,True,
finish_0006,Supplying War,2022-01-03,390.0,390.0,390.0,360.0,360.0,360.0,0.0,0.0,0.0,30.0,30.0,30.0,8,2021-11-08,2022-01-03,390.0,calendar_analysis_duration_with_compatible_overlap_restored,0.0,0.0,1,False,,,78100.0,metadata_pages_x_words_per_page,medium,,0.0,,,,,284.0,78100.0,"Business, management",0.0,0.0,0.0,200.25641025641025,200.25641025641025,200.25641025641025,0.0,390.0,0.0,0.0,78100.0,200.25641025641025,False,216.94444444444446,0.0,2022,True,False,True,True,
finish_0007,Writing That Works: Third Edition,2022-01-06,225.0,225.0,225.0,135.0,135.0,135.0,0.0,0.0,0.0,90.0,90.0,90.0,5,2022-01-03,2022-01-06,225.0,calendar_analysis_duration_with_compatible_overlap_restored,0.0,0.0,1,False,,,45497.0,local_file_word_count,high,"/Users/clarkbenham/side_projects/data/Books/Writing That Works_ How to Communicate Effectively In Business-Kenneth Roman, Joel Raphaelson - Collins Reference (2000).epub",85.0,45497.0,,,,152.0,41800.0,"Business, management",0.0,0.0,0.0,202.20888888888888,202.20888888888888,202.20888888888888,0.0,225.0,0.0,0.0,45497.0,202.20888888888888,False,337.0148148148148,0.0,2022,True,True,True,True,
finish_0008,Rainbows End,2022-01-06,480.0,480.0,480.0,270.0,270.0,270.0,0.0,0.0,0.0,210.0,210.0,210.0,6,2021-12-28,2022-01-06,480.0,calendar_analysis_duration_with_compatible_overlap_restored,0.0,0.0,1,False,,,105600.0,metadata_pages_x_words_per_page,medium,,0.0,,,,,384.0,105600.0,fiction,0.0,0.0,0.0,220.0,220.0,220.0,0.0,480.0,0.0,0.0,105600.0,220.0,False,391.1111111111111,0.0,2022,True,False,True,True,
finish_0010,kim,2022-01-17,420.0,420.0,420.0,120.0,120.0,120.0,0.0,0.0,0.0,300.0,300.0,300.0,3,2022-01-16,2022-01-17,420.0,calendar_analysis_duration_with_compatible_overlap_restored,0.0,0.0,1,False,,,37985.0,local_file_word_count,high,/Users/clarkbenham/side_projects/data/Books/Kim Ji Young Born 1982 - Cho Nam-Joo.pdf,80.0,37985.0,,,,,,,0.0,0.0,0.0,90.44047619047619,90.44047619047619,90.44047619047619,0.0,420.0,0.0,0.0,37985.0,90.44047619047619,False,316.5416666666667,0.0,2022,True,True,True,True,
finish_0012,Dune,2022-02-16,724.9999999999999,754.9999999999999,724.9999999999999,425.0,455.0,425.0,0.0,0.0,0.0,300.0,300.0,300.0,3,2022-02-13,2022-02-16,724.9999999999999,calendar_analysis_duration_with_compatible_overlap_restored,30.0,0.0,1,False,,,77551.0,local_file_word_count,high,/Users/clarkbenham/side_projects/data/Books/(Dune Chronicles volume 2) Frank Herbert - Dune Messiah-Ace Books (2008).epub,80.0,77551.0,,,,,,,0.0,0.0,0.0,106.96689655172416,102.71655629139075,102.71655629139075,0.0,724.9999999999999,0.0,0.0,77551.0,106.96689655172416,False,182.47294117647058,0.0,2022,True,True,True,True,
finish_0013,Dune Messiah,2022-02-19,187.5,300.0,187.5,112.5,225.0,112.5,0.0,0.0,0.0,75.0,75.0,75.0,4,2022-02-18,2022-02-19,187.5,calendar_analysis_duration_with_compatible_overlap_restored,112.5,0.0,1,False,,,77551.0,local_file_word_count,high,/Users/clarkbenham/side_projects/data/Books/(Dune Chronicles volume 2) Frank Herbert - Dune Messiah-Ace Books (2008).epub,90.0,77551.0,,,,278.0,76450.0,fiction,0.0,0.0,0.0,413.6053333333333,258.50333333333333,258.50333333333333,0.0,187.5,0.0,0.0,77551.0,413.6053333333333,False,689.3422222222222,0.0,2022,True,True,True,True,
finish_0018,"Sadly, Porn",2022-04-23,1132.5,1155.0,1155.0,1087.5,1110.0,1110.0,0.0,0.0,0.0,45.0,45.0,45.0,12,2022-02-22,2022-04-23,1155.0,calendar_analysis_duration_with_compatible_overlap_restored,22.5,22.5,1,False,,,299625.0,local_file_word_count,high,"/Users/clarkbenham/side_projects/data/Books/Sadly, Porn (2021) - Edward Teach.epub",90.0,299625.0,,,,,,,0.0,0.0,0.0,259.4155844155844,259.4155844155844,259.4155844155844,0.0,1155.0,0.0,0.0,299625.0,259.4155844155844,False,275.51724137931035,0.0,2022,True,True,True,True,
finish_0021,screwtape letters,2022-05-14,195.0,195.0,195.0,75.0,75.0,75.0,0.0,0.0,0.0,120.0,120.0,120.0,2,2022-05-13,2022-05-14,195.0,calendar_analysis_duration_with_compatible_overlap_restored,0.0,0.0,1,False,,,31324.0,local_file_word_count,high,/Users/clarkbenham/side_projects/data/Books/The Screwtape Letters-C. S. Lewis -#keep#.epub,90.0,31324.0,,,,160.0,44000.0,Literature,6402.0,130.0,0.0,160.63589743589745,160.63589743589745,160.63589743589745,0.0,195.0,0.0,0.0,31324.0,160.63589743589745,False,417.6533333333333,2043.8002809347468,2022,True,True,True,True,
finish_0022,Arnold Schwarzenegger,2022-05-16,157.5,165.0,165.0,60.0,60.0,60.0,0.0,0.0,0.0,97.5,105.0,105.0,2,2022-05-15,2022-05-16,165.0,calendar_analysis_duration_with_compatible_overlap_restored,7.5,7.5,1,False,,,70400.0,metadata_pages_x_words_per_page,medium,,0.0,,,,,256.0,70400.0,General Reading,0.0,0.0,0.0,426.6666666666667,426.6666666666667,426.6666666666667,0.0,165.0,0.0,0.0,70400.0,426.6666666666667,False,1173.3333333333333,0.0,2022,True,False,True,True,
finish_0024,An Experiment in Criticism,2022-06-02,165.0,165.0,165.0,75.0,75.0,75.0,0.0,0.0,0.0,90.0,90.0,90.0,3,2022-06-01,2022-06-02,165.0,calendar_analysis_duration_with_compatible_overlap_restored,0.0,0.0,1,False,,,36575.0,metadata_pages_x_words_per_page,medium,,0.0,,,,,133.0,36575.0,Literature,0.0,0.0,0.0,221.66666666666666,221.66666666666666,221.66666666666666,0.0,165.0,0.0,0.0,36575.0,221.66666666666666,False,487.6666666666667,0.0,2022,True,False,True,True,
finish_0025,Talent,2022-06-03,285.0,285.0,285.0,255.0,255.0,255.0,0.0,0.0,0.0,30.0,30.0,30.0,8,2022-05-21,2022-06-03,285.0,calendar_analysis_duration_with_compatible_overlap_restored,0.0,0.0,1,False,,,79200.0,metadata_pages_x_words_per_page,medium,,0.0,,,,,288.0,79200.0,"Business, management",0.0,0.0,0.0,277.89473684210526,277.89473684210526,277.89473684210526,0.0,285.0,0.0,0.0,79200.0,277.89473684210526,False,310.5882352941176,0.0,2022,True,False,True,True,
finish_0026,Coders at Work,2022-06-05,645.0,645.0,645.0,555.0,555.0,555.0,0.0,0.0,0.0,90.0,90.0,90.0,12,2022-01-13,2022-06-05,645.0,calendar_analysis_duration_with_compatible_overlap_restored,0.0,0.0,1,False,,,169675.0,metadata_pages_x_words_per_page,medium,,0.0,,,,,617.0,169675.0,"Business, management",0.0,0.0,0.0,263.06201550387595,263.06201550387595,263.06201550387595,0.0,645.0,0.0,0.0,169675.0,263.06201550387595,False,305.72072072072075,0.0,2022,True,False,True,True,
finish_0032,the machine that changed the world,2022-09-26,195.0,195.0,195.0,180.0,180.0,180.0,0.0,0.0,0.0,15.0,15.0,15.0,6,2022-09-12,2022-09-26,195.0,calendar_analysis_duration_with_compatible_overlap_restored,0.0,0.0,1,False,,,96800.0,metadata_pages_x_words_per_page,medium,,0.0,,,,,352.0,96800.0,"Business, management",0.0,0.0,0.0,496.4102564102564,496.4102564102564,496.4102564102564,0.0,195.0,0.0,0.0,96800.0,496.4102564102564,False,537.7777777777778,0.0,2022,True,False,True,True,
finish_0033,pragmatic programmer,2022-10-27,255.0,255.0,255.0,225.0,225.0,225.0,0.0,0.0,0.0,30.0,30.0,30.0,8,2022-05-23,2022-10-27,255.0,calendar_analysis_duration_with_compatible_overlap_restored,0.0,0.0,1,False,,,92108.0,local_file_word_count,high,"/Users/clarkbenham/side_projects/data/Books/The Pragmatic Programmer_ From Journeyman to Master-Andrew Hunt, David Thomas - Addison-Wesley Professional (1999).pdf",90.0,92108.0,,,,352.0,96800.0,,,,,361.2078431372549,361.2078431372549,361.2078431372549,0.0,255.0,0.0,0.0,92108.0,361.2078431372549,False,409.3688888888889,,2022,True,True,True,True,
finish_0038,The Golden Enclaves,2022-12-06,457.5,465.0,465.0,375.0,375.0,375.0,0.0,0.0,0.0,82.5,90.0,90.0,2,2022-12-06,2022-12-06,465.0,calendar_analysis_duration_with_compatible_overlap_restored,7.5,7.5,1,False,,,105600.0,metadata_pages_x_words_per_page,medium,,0.0,,,,,384.0,105600.0,fiction,0.0,0.0,0.0,227.09677419354838,227.09677419354838,227.09677419354838,0.0,465.0,0.0,0.0,105600.0,227.09677419354838,False,281.6,0.0,2022,True,False,True,True,
finish_0039,The Three-Body Problem,2022-12-26,255.0,315.0,255.0,225.0,285.0,225.0,0.0,0.0,0.0,30.0,30.0,30.0,5,2022-12-24,2022-12-26,255.0,calendar_analysis_duration_with_compatible_overlap_restored,60.0,0.0,1,False,,,114675.0,metadata_pages_x_words_per_page,medium,,0.0,,,,,417.0,114675.0,,,,,449.70588235294116,364.04761904761904,364.04761904761904,0.0,255.0,0.0,0.0,114675.0,449.70588235294116,False,509.6666666666667,,2022,True,False,True,True,
finish_0043,Never Finished,2023-01-12,247.5,285.0,285.0,232.5,270.0,270.0,0.0,0.0,0.0,15.0,15.0,15.0,7,2023-01-04,2023-01-12,285.0,calendar_analysis_duration_with_compatible_overlap_restored,37.5,37.5,1,False,,,85800.0,metadata_pages_x_words_per_page,medium,,0.0,,,,,312.0,85800.0,General Reading,0.0,0.0,0.0,301.05263157894734,301.05263157894734,301.05263157894734,0.0,285.0,0.0,0.0,85800.0,301.05263157894734,False,369.03225806451616,0.0,2023,True,False,True,True,
finish_0044,Piccadilly Jim,2023-01-24,315.0,315.0,315.0,240.0,240.0,240.0,0.0,0.0,0.0,75.0,75.0,75.0,5,2023-01-19,2023-01-24,315.0,calendar_analysis_duration_with_compatible_overlap_restored,0.0,0.0,1,False,,,75350.0,metadata_pages_x_words_per_page,medium,,0.0,,,,,274.0,75350.0,Literature,637.0,20.0,0.0,239.20634920634922,239.20634920634922,239.20634920634922,0.0,315.0,0.0,0.0,75350.0,239.20634920634922,False,313.9583333333333,84.53881884538819,2023,True,False,True,True,
finish_0047,surely you’re joking Feynman,2023-03-01,368.0,375.0,375.0,323.0,330.0,330.0,0.0,0.0,0.0,45.0,45.0,45.0,5,2023-02-28,2023-03-01,375.0,calendar_analysis_duration_with_compatible_overlap_restored,7.0,7.0,1,False,,,96800.0,metadata_pages_x_words_per_page,medium,,0.0,,,,,352.0,96800.0,General Reading,0.0,0.0,0.0,258.1333333333333,258.1333333333333,258.1333333333333,0.0,375.0,0.0,0.0,96800.0,258.1333333333333,False,299.6904024767802,0.0,2023,True,False,True,True,
finish_0049,Full Faith and Credit,2023-04-24,450.0,450.0,450.0,375.0,375.0,375.0,0.0,0.0,0.0,75.0,75.0,75.0,7,2023-04-16,2023-04-24,450.0,calendar_analysis_duration_with_compatible_overlap_restored,0.0,0.0,1,False,,,82500.0,metadata_pages_x_words_per_page,medium,,0.0,,,,,300.0,82500.0,"Business, management",0.0,0.0,0.0,183.33333333333334,183.33333333333334,183.33333333333334,0.0,450.0,0.0,0.0,82500.0,183.33333333333334,False,220.0,0.0,2023,True,False,True,True,
finish_0052,starship troopers,2023-06-20,174.99999999999997,285.0,174.99999999999997,75.0,75.0,75.0,0.0,0.0,0.0,99.99999999999996,210.0,99.99999999999996,3,2023-06-12,2023-06-20,174.99999999999997,calendar_analysis_duration_with_compatible_overlap_restored,110.00000000000004,0.0,1,False,,,86665.0,local_file_word_count,high,/Users/clarkbenham/side_projects/data/Books/Starship Troopers Robert A. Heinlein - (1987).pdf,90.0,86665.0,,,,233.0,64075.0,fiction,0.0,0.0,0.0,495.2285714285715,304.0877192982456,304.0877192982456,0.0,174.99999999999997,0.0,0.0,86665.0,495.2285714285715,False,1155.5333333333333,0.0,2023,True,True,True,True,
finish_0053,Stranger in a Strange Land,2023-07-05,592.5,675.0,600.0,442.5,525.0,450.0,0.0,0.0,0.0,150.0,150.0,150.0,10,2023-07-02,2023-07-05,600.0,calendar_analysis_duration_with_compatible_overlap_restored,82.5,7.5,1,False,,,169473.0,local_file_word_count,high,/Users/clarkbenham/side_projects/data/Books/Stranger in a strange land -Robert A. Heinlein - Ace Books (1961).pdf,90.0,169473.0,,,,438.0,120450.0,fiction,2371.0,66.0,0.0,282.455,251.07111111111112,251.07111111111112,0.0,600.0,0.0,0.0,169473.0,282.455,False,382.9898305084746,139.9042915390652,2023,True,True,True,True,
finish_0055,The Moon Is A Harsh Mistress,2023-07-26,435.0,435.0,435.0,330.0,330.0,330.0,0.0,0.0,0.0,105.0,105.0,105.0,4,2023-07-25,2023-07-26,435.0,calendar_analysis_duration_with_compatible_overlap_restored,0.0,0.0,1,False,,,120394.0,local_file_word_count,high,/Users/clarkbenham/side_projects/data/Books/The Moon Is a Harsh Mistress - Robert A. Heinlein - (1987).pdf,90.0,120394.0,,,,360.0,99000.0,fiction,0.0,0.0,0.0,276.76781609195405,276.76781609195405,276.76781609195405,0.0,435.0,0.0,0.0,120394.0,276.76781609195405,False,364.830303030303,0.0,2023,True,True,True,True,
finish_0057,Player of Games,2023-08-17,420.0,420.0,420.0,225.0,225.0,225.0,0.0,0.0,0.0,195.0,195.0,195.0,5,2023-08-14,2023-08-17,420.0,calendar_analysis_duration_with_compatible_overlap_restored,0.0,0.0,1,False,,,116433.0,local_file_word_count,high,/Users/clarkbenham/side_projects/data/Books/The Player of Games - Iain M. Banks - Orbit (2008).epub,90.0,116433.0,,,,320.0,88000.0,fiction,1754.0,50.0,76.0,277.2214285714286,277.2214285714286,277.2214285714286,0.0,420.0,0.0,0.0,116433.0,277.2214285714286,False,517.48,150.64457670935215,2023,True,True,True,True,
finish_0059,The Peace War,2023-08-29,240.0,255.0,255.0,0.0,0.0,0.0,0.0,0.0,0.0,240.0,255.0,255.0,1,2023-08-29,2023-08-29,255.0,calendar_analysis_duration_with_compatible_overlap_restored,15.0,15.0,1,False,,,85525.0,metadata_pages_x_words_per_page,medium,,0.0,,,,,311.0,85525.0,fiction,0.0,0.0,0.0,335.3921568627451,335.3921568627451,335.3921568627451,0.0,255.0,0.0,0.0,85525.0,335.3921568627451,False,inf,0.0,2023,True,False,True,True,
finish_0060,The Sun Also Rises,2023-10-04,225.0,225.0,225.0,165.0,165.0,165.0,0.0,0.0,0.0,60.0,60.0,60.0,6,2023-09-24,2023-10-04,225.0,calendar_analysis_duration_with_compatible_overlap_restored,0.0,0.0,1,False,,,67925.0,metadata_pages_x_words_per_page,medium,,0.0,,,,,247.0,67925.0,Literature,1176.0,28.0,0.0,301.8888888888889,301.8888888888889,301.8888888888889,0.0,225.0,0.0,0.0,67925.0,301.8888888888889,False,411.6666666666667,173.13213102686788,2023,True,False,True,True,
finish_0061,Harry Potter and the Methods of Rationality,2023-10-25,1575.0,1590.0,1590.0,1185.0,1200.0,1200.0,0.0,0.0,0.0,390.0,390.0,390.0,9,2023-10-22,2023-10-25,1590.0,calendar_analysis_duration_with_compatible_overlap_restored,15.0,15.0,1,False,,,540925.0,metadata_pages_x_words_per_page,medium,,0.0,,,,,1967.0,540925.0,fiction,1831.0,53.0,72.0,340.20440251572325,340.20440251572325,340.20440251572325,0.0,1590.0,0.0,0.0,540925.0,340.20440251572325,False,456.47679324894517,33.849424596755554,2023,True,False,True,True,
finish_0062,Three Men in a Boat,2023-11-09,285.0,285.0,285.0,180.0,180.0,180.0,0.0,0.0,0.0,105.0,105.0,105.0,5,2023-11-08,2023-11-09,285.0,calendar_analysis_duration_with_compatible_overlap_restored,0.0,0.0,1,False,,,50600.0,metadata_pages_x_words_per_page,medium,,0.0,,,,,184.0,50600.0,Literature,900.0,21.0,0.0,177.5438596491228,177.5438596491228,177.5438596491228,0.0,285.0,0.0,0.0,50600.0,177.5438596491228,False,281.1111111111111,177.86561264822134,2023,True,False,True,True,
finish_0063,out of the silent planet,2023-12-05,225.0,225.0,225.0,165.0,165.0,165.0,0.0,0.0,0.0,60.0,60.0,60.0,4,2023-11-30,2023-12-05,225.0,calendar_analysis_duration_with_compatible_overlap_restored,0.0,0.0,1,False,,,59569.0,local_file_word_count,high,data/Books/Out of the Silent Planet by CS Lewis.pdf,100.0,59569.0,,57757.0,https://www.gutenberg.ca/ebooks/lewiscs-outofthesilentplanet/lewiscs-outofthesilentplanet-00-h.html,174.0,47850.0,fiction,0.0,0.0,0.0,264.75111111111113,264.75111111111113,264.75111111111113,0.0,225.0,0.0,0.0,59569.0,264.75111111111113,False,361.0242424242424,0.0,2023,True,True,True,True,
finish_0064,Perelandra by CS Lewis book 2.pdf,2023-12-10,315.0,315.0,315.0,225.0,225.0,225.0,0.0,0.0,0.0,90.0,90.0,90.0,8,2023-12-05,2023-12-10,315.0,calendar_analysis_duration_with_compatible_overlap_restored,0.0,0.0,1,False,,,86635.0,local_file_word_count,high,/Users/clarkbenham/side_projects/data/Books/Perelandra by CS Lewis book 2.pdf,100.0,86635.0,,,,223.0,61325.0,fiction,0.0,0.0,0.0,275.031746031746,275.031746031746,275.031746031746,0.0,315.0,0.0,0.0,86635.0,275.031746031746,False,385.0444444444444,0.0,2023,True,True,True,True,
finish_0065,that hideous strength,2023-12-14,380.0,480.0,395.0,365.0,465.0,380.0,0.0,0.0,0.0,15.0,15.0,15.0,9,2023-12-11,2023-12-14,395.0,calendar_analysis_duration_with_compatible_overlap_restored,100.0,15.0,1,False,,,159432.0,local_file_word_count,high,/Users/clarkbenham/side_projects/data/Books/That Hideous Strength by CS Lewis.pdf,90.0,159432.0,,,,382.0,105050.0,fiction,0.0,0.0,0.0,403.6253164556962,332.15,332.15,0.0,395.0,0.0,0.0,159432.0,403.6253164556962,False,436.8,0.0,2023,True,True,True,True,
finish_0066,The Screwtape Letters,2023-12-22,120.0,120.0,120.0,0.0,0.0,0.0,0.0,0.0,0.0,120.0,120.0,120.0,1,2023-12-22,2023-12-22,120.0,calendar_analysis_duration_with_compatible_overlap_restored,0.0,0.0,1,False,,,31324.0,local_file_word_count,high,/Users/clarkbenham/side_projects/data/Books/The Screwtape Letters-C. S. Lewis -#keep#.epub,90.0,31324.0,,,,160.0,44000.0,Literature,6402.0,130.0,0.0,261.03333333333336,261.03333333333336,261.03333333333336,0.0,120.0,0.0,0.0,31324.0,261.03333333333336,False,inf,2043.8002809347468,2023,True,True,True,True,
finish_0067,the abolition of man,2023-12-23,127.5,180.0,180.0,75.0,75.0,75.0,0.0,0.0,0.0,52.5,105.0,105.0,3,2022-06-02,2023-12-25,180.0,calendar_analysis_duration_with_compatible_overlap_restored,52.5,52.5,1,False,,,32175.0,metadata_pages_x_words_per_page,medium,,0.0,,,,,117.0,32175.0,Literature,0.0,0.0,0.0,178.75,178.75,178.75,0.0,180.0,0.0,0.0,32175.0,178.75,False,429.0,0.0,2023,True,False,True,True,
finish_0068,The Man Who Was Thursday,2024-01-20,255.0,255.0,255.0,165.0,165.0,165.0,0.0,0.0,0.0,90.0,90.0,90.0,5,2024-01-18,2024-01-20,255.0,calendar_analysis_duration_with_compatible_overlap_restored,0.0,0.0,1,False,,,44550.0,metadata_pages_x_words_per_page,medium,,0.0,,,,,162.0,44550.0,Literature,1285.0,23.0,0.0,174.7058823529412,174.7058823529412,174.7058823529412,0.0,255.0,0.0,0.0,44550.0,174.7058823529412,False,270.0,288.43995510662177,2024,True,False,True,True,
finish_0071,how to win friends and influence people,2024-02-24,292.5,315.0,315.0,262.5,285.0,285.0,0.0,0.0,0.0,30.0,30.0,30.0,10,2023-08-27,2024-02-24,315.0,calendar_analysis_duration_with_compatible_overlap_restored,22.5,22.5,1,False,,,80457.0,local_file_word_count,high,"/Users/clarkbenham/side_projects/data/Books/How to Win Friends and Influence People -- Carnegie, Dale -- 2009 -- Simon and Schuster.epub",90.0,80457.0,,,,276.0,75900.0,"Business, management",0.0,0.0,0.0,255.41904761904763,255.41904761904763,255.41904761904763,0.0,315.0,0.0,0.0,80457.0,255.41904761904763,False,306.5028571428571,0.0,2024,True,True,True,True,
finish_0073,Jude the Obscure,2024-03-08,487.5,570.0,570.0,457.5,510.0,510.0,0.0,0.0,0.0,30.0,60.0,60.0,8,2024-03-04,2024-03-08,570.0,calendar_analysis_duration_with_compatible_overlap_restored,82.5,82.5,1,False,,,66000.0,metadata_pages_x_words_per_page,medium,,0.0,,,,,240.0,66000.0,Literature,0.0,0.0,0.0,115.78947368421052,115.78947368421052,115.78947368421052,0.0,570.0,0.0,0.0,66000.0,115.78947368421052,False,144.2622950819672,0.0,2024,True,False,True,True,
finish_0074,A Connecticut Yankee in King Arthur’s Court,2024-03-12,345.0,345.0,345.0,285.0,285.0,285.0,0.0,0.0,0.0,60.0,60.0,60.0,6,2022-10-27,2024-03-12,345.0,calendar_analysis_duration_with_compatible_overlap_restored,0.0,0.0,1,False,,,109175.0,metadata_pages_x_words_per_page,medium,,0.0,,,,,397.0,109175.0,Literature,3665.0,63.0,102.0,316.4492753623188,316.4492753623188,316.4492753623188,0.0,345.0,0.0,0.0,109175.0,316.4492753623188,False,383.0701754385965,335.69956491870846,2024,True,False,True,True,
finish_0075,The Checklist Manifesto,2024-03-19,105.0,105.0,105.0,0.0,0.0,0.0,0.0,0.0,0.0,105.0,105.0,105.0,1,2024-03-19,2024-03-19,105.0,calendar_analysis_duration_with_compatible_overlap_restored,0.0,0.0,1,False,,,58116.0,local_file_word_count,high,"/Users/clarkbenham/side_projects/data/Books/The Checklist Manifesto- How to Get Things Right - Gawande, Atul.epub",90.0,58116.0,,,,209.0,57475.0,"Business, management",6154.0,104.0,4.0,553.4857142857143,553.4857142857143,553.4857142857143,0.0,105.0,0.0,0.0,58116.0,553.4857142857143,False,inf,1058.9166494597014,2024,True,True,True,True,
finish_0079,the world of null a,2024-05-05,195.0,195.0,195.0,120.0,120.0,120.0,0.0,0.0,0.0,75.0,75.0,75.0,4,2024-05-04,2024-05-05,195.0,calendar_analysis_duration_with_compatible_overlap_restored,0.0,0.0,1,False,,,60775.0,metadata_pages_x_words_per_page,medium,,0.0,,,,,221.0,60775.0,fiction,0.0,0.0,0.0,311.6666666666667,311.6666666666667,311.6666666666667,0.0,195.0,0.0,0.0,60775.0,311.6666666666667,False,506.4583333333333,0.0,2024,True,False,True,True,
finish_0080,16 ways to defend a walled city,2024-05-12,285.0,285.0,285.0,0.0,0.0,0.0,0.0,0.0,0.0,285.0,285.0,285.0,1,2024-05-12,2024-05-12,285.0,calendar_analysis_duration_with_compatible_overlap_restored,0.0,0.0,1,False,,,105600.0,metadata_pages_x_words_per_page,medium,,0.0,,,,,384.0,105600.0,fiction,1144.0,27.0,12.0,370.5263157894737,370.5263157894737,370.5263157894737,0.0,285.0,0.0,0.0,105600.0,370.5263157894737,False,inf,108.33333333333334,2024,True,False,True,True,
finish_0081,Methuselah's Children,2024-05-15,165.0,165.0,165.0,120.0,120.0,120.0,0.0,0.0,0.0,45.0,45.0,45.0,2,2024-05-15,2024-05-15,165.0,calendar_analysis_duration_with_compatible_overlap_restored,0.0,0.0,1,False,,,67250.0,local_file_word_count,high,"/Users/clarkbenham/side_projects/data/Books/Methuselah's Children - Heinlein, Robert Anson.epub",90.0,67250.0,,,,,,,0.0,0.0,0.0,407.57575757575756,407.57575757575756,407.57575757575756,0.0,165.0,0.0,0.0,67250.0,407.57575757575756,False,560.4166666666666,0.0,2024,True,True,True,True,
finish_0083,consider phlebas,2024-06-04,529.9999999999999,555.0,555.0,484.99999999999994,510.0,510.0,0.0,0.0,0.0,45.0,45.0,45.0,12,2024-05-17,2024-06-04,555.0,calendar_analysis_duration_with_compatible_overlap_restored,25.000000000000114,25.000000000000114,1,False,,,129525.0,metadata_pages_x_words_per_page,medium,,0.0,,,,,471.0,129525.0,fiction,0.0,0.0,0.0,233.3783783783784,233.3783783783784,233.3783783783784,0.0,555.0,0.0,0.0,129525.0,233.3783783783784,False,267.0618556701031,0.0,2024,True,False,True,True,
finish_0084,50 essays by george orwell,2024-06-19,907.5,975.0,915.0,802.5,870.0,810.0,0.0,0.0,0.0,105.0,105.0,105.0,20,2024-06-09,2024-06-19,915.0,calendar_analysis_duration_with_compatible_overlap_restored,67.5,7.5,1,False,,,232021.0,local_file_word_count,high,/Users/clarkbenham/side_projects/data/Books/ 50 Essays by George Orwell.lit,100.0,232021.0,,,,346.0,95150.0,Literature,20023.0,298.0,86.0,253.57486338797816,237.9702564102564,237.9702564102564,0.0,915.0,0.0,0.0,232021.0,253.57486338797816,False,289.1227414330218,862.9822300567622,2024,True,True,True,True,
finish_0085,Jeeves Stories,2024-06-30,517.5,532.5,532.5,457.5,472.5,472.5,0.0,0.0,0.0,60.0,60.0,60.0,15,2024-03-30,2024-06-30,532.5,calendar_analysis_duration_with_compatible_overlap_restored,15.0,15.0,1,False,,,72325.0,metadata_pages_x_words_per_page,medium,,0.0,,,,,263.0,72325.0,Literature,2823.0,64.0,0.0,135.82159624413146,135.82159624413146,135.82159624413146,0.0,532.5,0.0,0.0,72325.0,135.82159624413146,False,158.08743169398906,390.3214656066367,2024,True,False,True,True,
finish_0086,Just for Fun : The Story of an Accidental Revolutionary,2024-07-14,180.0,195.0,195.0,157.5,165.0,165.0,0.0,0.0,0.0,22.5,30.0,30.0,4,2024-07-01,2024-07-14,195.0,calendar_analysis_duration_with_compatible_overlap_restored,15.0,15.0,1,False,,,75625.0,metadata_pages_x_words_per_page,medium,,0.0,,,,,275.0,75625.0,"Business, management",7951.0,111.0,102.0,387.8205128205128,387.8205128205128,387.8205128205128,0.0,195.0,0.0,0.0,75625.0,387.8205128205128,False,480.1587301587302,1051.3719008264463,2024,True,False,True,True,
finish_0090,there is no anti-memetic division,2024-08-24,180.0,180.0,180.0,120.0,120.0,120.0,0.0,0.0,0.0,60.0,60.0,60.0,2,2024-08-24,2024-08-24,180.0,calendar_analysis_duration_with_compatible_overlap_restored,0.0,0.0,1,False,,,69575.0,metadata_pages_x_words_per_page,medium,,0.0,,,,,253.0,69575.0,fiction,0.0,0.0,0.0,386.52777777777777,386.52777777777777,386.52777777777777,0.0,180.0,0.0,0.0,69575.0,386.52777777777777,False,579.7916666666666,0.0,2024,True,False,True,True,
finish_0093,A Supposedly Fun Thing I'll Never Do Again,2024-09-04,285.0,375.0,375.0,210.0,300.0,300.0,0.0,0.0,0.0,75.0,75.0,75.0,5,2024-09-03,2024-09-04,375.0,calendar_analysis_duration_with_compatible_overlap_restored,90.0,90.0,1,False,,,97075.0,metadata_pages_x_words_per_page,medium,,0.0,,,,,353.0,97075.0,General Reading,9021.0,95.0,38.0,258.8666666666667,258.8666666666667,258.8666666666667,0.0,375.0,0.0,0.0,97075.0,258.8666666666667,False,462.26190476190476,929.2814833891321,2024,True,False,True,True,
finish_0094,The Oxford Book of Short Stories,2024-09-14,742.0916666666667,795.0,795.0,712.0916666666667,765.0,765.0,0.0,0.0,0.0,30.0,30.0,30.0,22,2024-08-08,2024-09-14,795.0,calendar_analysis_duration_with_compatible_overlap_restored,52.9083333333333,52.9083333333333,1,False,,,231363.0,local_file_word_count,high,/Users/clarkbenham/side_projects/data/Books/The Oxford Book of Short Stories - V. S. Pritchett.epub,90.0,231363.0,,,,547.0,150425.0,Literature,4537.0,67.0,0.0,291.022641509434,291.022641509434,291.022641509434,0.0,795.0,0.0,0.0,231363.0,291.022641509434,False,324.90620355525385,196.09877119504847,2024,True,True,True,True,
finish_0095,Red Plenty,2024-09-19,600.0,600.0,600.0,585.0,585.0,585.0,0.0,0.0,0.0,15.0,15.0,15.0,10,2024-09-17,2024-09-19,600.0,calendar_analysis_duration_with_compatible_overlap_restored,0.0,0.0,1,False,,,172213.0,local_file_word_count,high,"/Users/clarkbenham/side_projects/data/Books/Red Plenty - F Spufford - (2010, Faber and Faber).epub",90.0,172213.0,,,,434.0,119350.0,General Reading,14255.0,172.0,52.0,287.02166666666665,287.02166666666665,287.02166666666665,0.0,600.0,0.0,0.0,172213.0,287.02166666666665,False,294.3811965811966,827.7540023110914,2024,True,True,True,True,
finish_0096,The innocence of Father Brown,2024-09-25,255.0,255.0,255.0,240.0,240.0,240.0,0.0,0.0,0.0,15.0,15.0,15.0,9,2024-06-12,2024-09-25,255.0,calendar_analysis_duration_with_compatible_overlap_restored,0.0,0.0,1,False,,,83772.0,local_file_word_count,high,/Users/clarkbenham/side_projects/data/Books/The innocence of Father Brown by G. K. Chesterton.epub,90.0,83772.0,,,,208.0,57200.0,General Reading,0.0,0.0,0.0,328.5176470588235,328.5176470588235,328.5176470588235,0.0,255.0,0.0,0.0,83772.0,328.5176470588235,False,349.05,0.0,2024,True,True,True,True,
finish_0098,Brief Interviews with Hideous Men,2024-10-09,397.5,420.0,397.5,382.5,405.0,382.5,0.0,0.0,0.0,15.0,15.0,15.0,10,2024-09-14,2024-10-09,397.5,calendar_analysis_duration_with_compatible_overlap_restored,22.5,0.0,1,False,,,109940.0,local_file_word_count,high,"/Users/clarkbenham/side_projects/data/Books/Brief Interviews with Hideous Men - Wallace, David Foster (1999).epub",90.0,109940.0,,,,281.0,77275.0,Literature,3880.0,47.0,0.0,276.57861635220127,261.76190476190476,261.76190476190476,0.0,397.5,0.0,0.0,109940.0,276.57861635220127,False,287.42483660130716,352.9197744224123,2024,True,True,True,True,
finish_0101,the goal,2024-10-12,422.49999999999994,422.49999999999994,422.49999999999994,414.99999999999994,414.99999999999994,414.99999999999994,0.0,0.0,0.0,7.5,7.5,7.5,9,2024-09-21,2024-10-12,422.49999999999994,calendar_analysis_duration_with_compatible_overlap_restored,0.0,0.0,1,False,,,143785.0,local_file_word_count,high,"/Users/clarkbenham/side_projects/data/Books/The goal_ a process of ongoing improvement  -Eliyahu M. Goldratt, Jeff Cox - North River Press 2004.epub",90.0,143785.0,,,,,,,0.0,0.0,0.0,340.319526627219,340.319526627219,340.319526627219,0.0,422.49999999999994,0.0,0.0,143785.0,340.319526627219,False,346.46987951807233,0.0,2024,True,True,True,True,
finish_0103,The Doomsday Machine,2024-10-24,562.5,570.0,570.0,487.5,495.0,495.0,0.0,0.0,0.0,75.0,75.0,75.0,5,2024-10-23,2024-10-24,570.0,calendar_analysis_duration_with_compatible_overlap_restored,7.5,7.5,1,False,,,170821.0,local_file_word_count,high,"/Users/clarkbenham/side_projects/data/Books/The Doomsday Machine_ Confessions of a Nuclear War Planner - Daniel Ellsberg -  (2017, Bloomsbury USA).epub",90.0,170821.0,,,,,,"Business, management",22409.0,308.0,422.0,299.6859649122807,299.6859649122807,299.6859649122807,0.0,570.0,0.0,0.0,170821.0,299.6859649122807,False,350.4020512820513,1311.841049987999,2024,True,True,True,True,
finish_0105,How to Fail at Almost Everything and Still Win Big,2024-10-31,180.0,210.0,210.0,90.0,105.0,105.0,0.0,0.0,0.0,90.0,105.0,105.0,4,2024-10-22,2024-10-31,210.0,calendar_analysis_duration_with_compatible_overlap_restored,30.0,30.0,1,False,,,88975.0,local_file_word_count,high,"/Users/clarkbenham/side_projects/data/Books/How to fail at almost everything and still win big _ kind of the story of my life - Adams, Scott - Penguin Books Ltd_Portfolio_Penguin (2013).epub",90.0,88975.0,,,,248.0,68200.0,"Business, management",6308.0,116.0,138.0,423.6904761904762,423.6904761904762,423.6904761904762,0.0,210.0,0.0,0.0,88975.0,423.6904761904762,False,988.6111111111111,708.9631919078392,2024,True,True,True,True,
finish_0107,IMPRO Improvisation and the Theatre,2024-11-09,165.0,165.0,165.0,135.0,135.0,135.0,0.0,0.0,0.0,30.0,30.0,30.0,4,2024-11-02,2024-11-09,165.0,calendar_analysis_duration_with_compatible_overlap_restored,0.0,0.0,1,False,,,86503.0,local_file_word_count,high,"/Users/clarkbenham/side_projects/data/Books/Impro_ Improvisation and the Theatre - Keith Johnstone - (2016, Bloomsbury).epub",90.0,86503.0,,,,208.0,57200.0,General Reading,7383.0,138.0,102.0,524.260606060606,524.260606060606,524.260606060606,0.0,165.0,0.0,0.0,86503.0,524.260606060606,False,640.762962962963,853.4964105291145,2024,True,True,True,True,
finish_0108,Downfall,2024-11-17,225.0,225.0,225.0,135.0,135.0,135.0,0.0,0.0,0.0,90.0,90.0,90.0,4,2024-11-15,2024-11-17,225.0,calendar_analysis_duration_with_compatible_overlap_restored,0.0,0.0,1,False,,,66362.0,local_file_word_count,high,"/Users/clarkbenham/side_projects/data/Books/ Downfall_ Prigozhin, Putin, and the New Fight for the Future of Russia - Anna Arutunyan_ Mark Galeotti - (2024, Ebury Publishing).epub",80.0,66362.0,,,,,,"Business, management",8168.0,168.0,122.0,294.9422222222222,294.9422222222222,294.9422222222222,0.0,225.0,0.0,0.0,66362.0,294.9422222222222,False,491.57037037037037,1230.8248696543203,2024,True,True,True,True,
finish_0109,Designing Machine Learning Systems,2024-11-21,225.0,225.0,225.0,90.0,90.0,90.0,0.0,0.0,0.0,135.0,135.0,135.0,2,2024-11-19,2024-11-21,225.0,calendar_analysis_duration_with_compatible_overlap_restored,0.0,0.0,1,False,,,138130.0,local_file_word_count,high,"/Users/clarkbenham/side_projects/data/Books/Designing Machine Learning Systems_ An Iterative Process for Production-Ready Applications - Chip Huyen -  (2022, O'Reilly Media).epub",90.0,138130.0,,,,386.0,106150.0,Machine Learning,7297.0,175.0,196.0,613.9111111111112,613.9111111111112,613.9111111111112,0.0,225.0,0.0,0.0,138130.0,613.9111111111112,False,1534.7777777777778,528.2704698472453,2024,True,True,True,True,
finish_0110,"Declare_ A novel - Powers, Tim.pdf",2024-11-28,532.5,540.0,540.0,262.5,270.0,270.0,0.0,0.0,0.0,270.0,270.0,270.0,5,2024-11-21,2024-11-28,540.0,calendar_analysis_duration_with_compatible_overlap_restored,7.5,7.5,1,False,,,212503.0,local_file_word_count,high,"/Users/clarkbenham/side_projects/data/Books/Declare_ A novel - Powers, Tim.pdf",100.0,212503.0,,,,528.0,145200.0,fiction,0.0,0.0,0.0,393.52407407407406,393.52407407407406,393.52407407407406,0.0,540.0,0.0,0.0,212503.0,393.52407407407406,False,809.5352380952381,0.0,2024,True,True,True,True,
finish_0112,machine learning engineering,2024-12-12,212.5,220.0,220.0,167.5,175.0,175.0,0.0,0.0,0.0,45.0,45.0,45.0,6,2024-12-02,2024-12-12,220.0,calendar_analysis_duration_with_compatible_overlap_restored,7.5,7.5,1,False,,,107231.0,local_file_word_count,high,/Users/clarkbenham/side_projects/data/Books/Machine Learning Engineering - Andriy Burkov - (2020).pdf,90.0,107231.0,,,,301.0,82775.0,Machine Learning,0.0,0.0,0.0,487.4136363636364,487.4136363636364,487.4136363636364,0.0,220.0,0.0,0.0,107231.0,487.4136363636364,False,640.1850746268657,0.0,2024,True,True,True,True,
finish_0113,nonviolent communication,2024-12-17,225.0,225.0,225.0,210.0,210.0,210.0,0.0,0.0,0.0,15.0,15.0,15.0,6,2024-12-06,2024-12-17,225.0,calendar_analysis_duration_with_compatible_overlap_restored,0.0,0.0,1,False,,,77612.0,local_file_word_count,high,/Users/clarkbenham/side_projects/data/Books/Nonviolent Communication_ A Language of Life_ Life-Changing -- Marshall B_ Rosenberg -- 2015 -- Puddledancer Press.epub,90.0,77612.0,,,,,,General Reading,5630.0,123.0,86.0,344.9422222222222,344.9422222222222,344.9422222222222,0.0,225.0,0.0,0.0,77612.0,344.9422222222222,False,369.5809523809524,725.4032881513168,2024,True,True,True,True,
finish_0114,the art of military innovation,2024-12-19,457.5,465.0,465.0,427.5,435.0,435.0,0.0,0.0,0.0,30.0,30.0,30.0,10,2024-12-14,2024-12-19,465.0,calendar_analysis_duration_with_compatible_overlap_restored,7.5,7.5,1,False,,,116766.0,local_file_word_count,high,"/Users/clarkbenham/side_projects/data/Books/The Art of Military Innovation_ Lessons from the Israel Defense Forces - Edward N. Luttwak_ Eitan Shamir - (2023, Harvard University Press) [10.4159_9780674295148].pdf",90.0,116766.0,,,,,,"Business, management",12776.0,218.0,642.0,251.10967741935485,251.10967741935485,251.10967741935485,0.0,465.0,0.0,0.0,116766.0,251.10967741935485,False,273.13684210526316,1094.1541202062244,2024,True,True,True,True,
finish_0117,Apollo: The Race to the Moon,2025-01-02,622.5,630.0,630.0,450.0,450.0,450.0,0.0,0.0,0.0,172.5,180.0,180.0,4,2024-12-30,2025-01-02,630.0,calendar_analysis_duration_with_compatible_overlap_restored,7.5,7.5,1,False,,,201859.0,local_file_word_count,high,"/Users/clarkbenham/side_projects/data/Books/Apollo_ The Race to the Moon - Murray, Charles _ Cox, Catherine Bly - (1989, Simon & Schuster).epub",90.0,201859.0,,,,512.0,140800.0,"Business, management",31523.0,421.0,392.0,320.4111111111111,320.4111111111111,320.4111111111111,0.0,630.0,0.0,0.0,201859.0,320.4111111111111,False,448.5755555555556,1561.6346063341243,2025,True,True,True,True,
finish_0118,best of Isaac Asimov,2025-01-10,390.0,390.0,390.0,360.0,360.0,360.0,0.0,0.0,0.0,30.0,30.0,30.0,7,2025-01-09,2025-01-10,390.0,calendar_analysis_duration_with_compatible_overlap_restored,0.0,0.0,1,False,,,113962.0,local_file_word_count,high,/Users/clarkbenham/side_projects/data/Books/The Best of Isaac Asimov - Isaac Asimov - (2005).epub,90.0,113962.0,,,,,,fiction,4344.0,64.0,164.0,292.2102564102564,292.2102564102564,292.2102564102564,0.0,390.0,0.0,0.0,113962.0,292.2102564102564,False,316.56111111111113,381.1796914761061,2025,True,True,True,True,
finish_0119,parkinson's law,2025-01-15,150.0,150.0,150.0,120.0,120.0,120.0,0.0,0.0,0.0,30.0,30.0,30.0,4,2022-05-23,2025-01-15,150.0,calendar_analysis_duration_with_compatible_overlap_restored,0.0,0.0,1,False,,,28624.0,local_file_word_count,high,"/Users/clarkbenham/side_projects/data/Books/Parkinson’s Law, and Other Studies in Administration-Cyril Northcote Parkinson - Houghton Mifflin (1957).pdf",90.0,28624.0,,,,140.0,38500.0,"Business, management",0.0,0.0,0.0,190.82666666666665,190.82666666666665,190.82666666666665,0.0,150.0,0.0,0.0,28624.0,190.82666666666665,False,238.53333333333333,0.0,2025,True,True,True,True,
finish_0121,Life and Fate,2025-01-22,1065.0,1125.0,1095.0,975.0,1035.0,1005.0,0.0,0.0,0.0,90.0,90.0,90.0,17,2025-01-04,2025-01-22,1095.0,calendar_analysis_duration_with_compatible_overlap_restored,60.0,30.0,1,False,,,337300.0,local_file_word_count,high,"/Users/clarkbenham/side_projects/data/Books/Life And Fate - Grossman, Vasily - (Orange Inheritance Edition) (2011, Random House).epub",90.0,337300.0,,,,487.0,133925.0,Literature,26672.0,254.0,160.0,308.0365296803653,299.8222222222222,299.8222222222222,0.0,1095.0,0.0,0.0,337300.0,308.0365296803653,False,345.94871794871796,790.7500741179958,2025,True,True,True,True,
finish_0122,Monday Starts on Saturday,2025-01-27,195.0,210.0,210.0,150.0,165.0,165.0,0.0,0.0,0.0,45.0,45.0,45.0,6,2025-01-26,2025-01-27,210.0,calendar_analysis_duration_with_compatible_overlap_restored,15.0,15.0,1,False,,,87094.0,local_file_word_count,high,"/Users/clarkbenham/side_projects/data/Books/Monday Starts on Saturday - Strugatsky, Boris - (2017, Chicago Review Press).epub",90.0,87094.0,,,,304.0,83600.0,fiction,2818.0,38.0,16.0,414.73333333333335,414.73333333333335,414.73333333333335,0.0,210.0,0.0,0.0,87094.0,414.73333333333335,False,580.6266666666667,323.55845408409306,2025,True,True,True,True,
finish_0123,Kelly my share of it all,2025-01-28,300.0,300.0,300.0,195.0,195.0,195.0,0.0,0.0,0.0,105.0,105.0,105.0,5,2025-01-24,2025-01-28,300.0,calendar_analysis_duration_with_compatible_overlap_restored,0.0,0.0,1,False,,,69433.0,local_file_word_count,high,"/Users/clarkbenham/side_projects/data/Books/Kelly_ More Than My Share of It All -- Clarence L_ Johnson, Maggie Smith -- 2012.epub",80.0,69433.0,,,,,,General Reading,0.0,0.0,0.0,231.44333333333333,231.44333333333333,231.44333333333333,0.0,300.0,0.0,0.0,69433.0,231.44333333333333,False,356.06666666666666,0.0,2025,True,True,True,True,
finish_0124,Atomic Habits,2025-02-01,157.5,165.0,165.0,135.0,135.0,135.0,0.0,0.0,0.0,22.5,30.0,30.0,4,2025-01-28,2025-02-01,165.0,calendar_analysis_duration_with_compatible_overlap_restored,7.5,7.5,1,False,,,80712.0,local_file_word_count,high,"/Users/clarkbenham/side_projects/data/Books/Atomic habits_ an easy and proven way to build good habits and break bad ones - Clear, James - (2018, Random House Business Books).epub",90.0,80712.0,,,,322.0,88550.0,General Reading,4507.0,104.0,64.0,489.1636363636364,489.1636363636364,489.1636363636364,0.0,165.0,0.0,0.0,80712.0,489.1636363636364,False,597.8666666666667,558.405193775399,2025,True,True,True,True,
finish_0125,rlhf,2025-02-03,120.0,120.0,120.0,75.0,75.0,75.0,0.0,0.0,0.0,45.0,45.0,45.0,2,2025-02-01,2025-02-03,120.0,calendar_analysis_duration_with_compatible_overlap_restored,0.0,0.0,1,False,,,48307.0,local_file_word_count,high,/Users/clarkbenham/side_projects/data/Books/Reinforcement Learning from Human Feedback_ jun 11_ A short introduction to RLHF and post-training focused on language models - Nathan Lambert.pdf,80.0,48307.0,,,,,,,0.0,0.0,0.0,402.55833333333334,402.55833333333334,402.55833333333334,0.0,120.0,0.0,0.0,48307.0,402.55833333333334,False,644.0933333333334,0.0,2025,True,True,True,True,
finish_0130,the pale king,2025-03-21,660.0,667.5,667.5,600.0,607.5,607.5,0.0,0.0,0.0,60.0,60.0,60.0,7,2025-03-18,2025-03-21,667.5,calendar_analysis_duration_with_compatible_overlap_restored,7.5,7.5,1,False,,,213241.0,local_file_word_count,high,"/Users/clarkbenham/side_projects/data/Books/The Pale King- An Unfinished Novel - Wallace, David Foster - (2011, Little, Brown and Company).epub",90.0,213241.0,,,,,,Literature,14941.0,166.0,350.0,319.46217228464417,319.46217228464417,319.46217228464417,0.0,667.5,0.0,0.0,213241.0,319.46217228464417,False,355.40166666666664,700.6626305447827,2025,True,True,True,True,
finish_0131,the Oxford book of essays,2025-03-22,240.0,300.0,255.0,195.0,210.0,210.0,0.0,0.0,0.0,45.0,90.0,45.0,9,2024-08-19,2025-03-22,255.0,calendar_analysis_duration_with_compatible_overlap_restored,60.0,15.0,1,False,,,284080.0,local_file_word_count,high,/Users/clarkbenham/side_projects/data/Books/The Oxford Book of Essays-John J. Gross - Oxford University Press (1991).pdf,90.0,284080.0,,,,,,Literature,0.0,0.0,0.0,1114.0392156862745,946.9333333333333,946.9333333333333,0.0,255.0,0.0,0.0,284080.0,1114.0392156862745,False,1456.820512820513,0.0,2025,True,True,True,True,
finish_0132,12 rules for life,2025-03-23,412.5,412.5,412.5,352.5,352.5,352.5,0.0,0.0,0.0,60.0,60.0,60.0,11,2024-11-14,2025-03-23,412.5,calendar_analysis_duration_with_compatible_overlap_restored,0.0,0.0,1,False,,,151490.0,local_file_word_count,high,"/Users/clarkbenham/side_projects/data/Books/12 Rules for Life [Hardcover] and Maps of Meaning) 12 Rules for Life_ An Antidote to Ch - Jordan B. Peterson - (2018, Penguin Books Ltd_ Allen Lane).epub",90.0,151490.0,,,,,,General Reading,11157.0,186.0,92.0,367.24848484848485,367.24848484848485,367.24848484848485,0.0,412.5,0.0,0.0,151490.0,367.24848484848485,False,429.7588652482269,736.4842563865602,2025,True,True,True,True,
finish_0133,the pentagon wars,2025-03-31,337.5,345.0,345.0,262.5,270.0,270.0,0.0,0.0,0.0,75.0,75.0,75.0,7,2025-03-25,2025-03-31,345.0,calendar_analysis_duration_with_compatible_overlap_restored,7.5,7.5,1,False,,,135747.0,local_file_word_count,high,"/Users/clarkbenham/side_projects/data/Books/The Pentagon Wars_ Reformers Challenge the Old Guard - James G. Burton - (2014, US Naval Institute Press).epub",90.0,135747.0,,,,,,"Business, management",16132.0,238.0,772.0,393.4695652173913,393.4695652173913,393.4695652173913,0.0,345.0,0.0,0.0,135747.0,393.4695652173913,False,517.1314285714286,1188.3872203437277,2025,True,True,True,True,
finish_0134,you just dont understand,2025-04-18,307.5,315.0,315.0,285.0,285.0,285.0,0.0,0.0,0.0,22.5,30.0,30.0,7,2025-04-07,2025-04-18,315.0,calendar_analysis_duration_with_compatible_overlap_restored,7.5,7.5,1,False,,,108821.0,local_file_word_count,high,"/Users/clarkbenham/side_projects/data/Books/You Just Don't Understand - Tannen, Deborah.epub",85.0,108821.0,,,,,,General Reading,8888.0,158.0,140.0,345.4634920634921,345.4634920634921,345.4634920634921,0.0,315.0,0.0,0.0,108821.0,345.4634920634921,False,381.8280701754386,816.7541191497966,2025,True,True,True,True,
finish_0135,on China,2025-04-19,660.0,675.0,675.0,585.0,600.0,600.0,0.0,0.0,0.0,75.0,75.0,75.0,14,2025-03-23,2025-04-19,675.0,calendar_analysis_duration_with_compatible_overlap_restored,15.0,15.0,1,False,,,188154.0,local_file_word_count,high,"/Users/clarkbenham/side_projects/data/Books/On China - Kissinger, Henry.epub",90.0,188154.0,,,,,,Histories,23864.0,453.0,248.0,278.74666666666667,278.74666666666667,278.74666666666667,0.0,675.0,0.0,0.0,188154.0,278.74666666666667,False,321.6307692307692,1268.3227568906323,2025,True,True,True,True,
finish_0136,The Path to Power: The Years of Lyndon Johnson I,2025-05-04,1287.5,1340.0,1340.0,1205.0,1220.0,1220.0,30.0,60.0,60.0,52.5,60.0,60.0,20,2022-10-15,2025-05-04,1340.0,calendar_analysis_duration_with_compatible_overlap_restored,52.5,52.5,1,False,,,465435.0,local_file_word_count,high,"/Users/clarkbenham/side_projects/data/Books/The Path to Power_ The Years of Lyndon Johnson vol I - Robert A. Caro -  (2011, Knopf Doubleday Publishing Group).epub",85.0,465435.0,,,,,,"Business, management",44800.0,816.0,2478.0,347.339552238806,347.339552238806,347.339552238806,60.0,1280.0,0.04477611940298507,21000.0,444435.0,347.21484375,False,386.253112033195,962.5404191777584,2025,True,True,True,True,
finish_0137,means of ascent,2025-05-07,667.5,765.0,675.0,330.0,330.0,330.0,150.0,240.0,150.0,187.5,195.0,195.0,5,2025-05-06,2025-05-07,675.0,calendar_analysis_duration_with_compatible_overlap_restored,97.5,7.5,1,False,,,282854.0,local_file_word_count,high,"/Users/clarkbenham/side_projects/data/Books/Means of ascent v2 - Caro, Robert A - (2009, Knopf Doubleday Publishing Group).epub",90.0,282854.0,,,,,,"Business, management",32282.0,470.0,2120.0,419.042962962963,369.7437908496732,369.7437908496732,150.0,525.0,0.2222222222222222,52500.0,230354.0,438.76952380952383,False,857.1333333333333,1141.2955093440432,2025,True,True,True,True,
finish_0138,man’s search for meaning,2025-05-11,165.0,165.0,165.0,135.0,135.0,135.0,0.0,0.0,0.0,30.0,30.0,30.0,3,2025-05-10,2025-05-11,165.0,calendar_analysis_duration_with_compatible_overlap_restored,0.0,0.0,1,False,,,45193.0,local_file_word_count,high,/Users/clarkbenham/side_projects/data/Books/Man’s Search for Meaning - Viktor E. Frankl_ Harold S. Kushner_ William J. Winslade_ Isle Lasch - Beacon Press (2006).epub,90.0,45193.0,,,,,,General Reading,6604.0,123.0,18.0,273.8969696969697,273.8969696969697,273.8969696969697,0.0,165.0,0.0,0.0,45193.0,273.8969696969697,False,334.76296296296294,1461.288252605492,2025,True,True,True,True,
finish_0139,master of the senate,2025-05-19,1012.5,1207.5,1207.5,577.5,577.5,577.5,187.5,375.0,375.0,247.5,255.0,255.0,18,2023-01-25,2025-05-19,1207.5,calendar_analysis_duration_with_compatible_overlap_restored,195.0,195.0,1,False,,,616427.0,local_file_word_count,high,"/Users/clarkbenham/side_projects/data/Books/Master of the Senate v3 - Caro, Robert A.epub",90.0,616427.0,,,,,,"Business, management",41805.0,605.0,3830.0,510.49855072463765,510.49855072463765,510.49855072463765,375.0,832.5,0.3105590062111801,131250.0,485177.0,582.7951951951952,False,1067.4060606060607,678.1824936286049,2025,True,True,True,True,
finish_0140,the passage of power,2025-05-27,1192.5,1200.0,1200.0,997.5,1005.0,1005.0,60.0,60.0,60.0,135.0,135.0,135.0,10,2024-03-21,2025-05-27,1200.0,calendar_analysis_duration_with_compatible_overlap_restored,7.5,7.5,1,False,,,405253.0,local_file_word_count,high,"/Users/clarkbenham/side_projects/data/Books/The Passage of Power_ The Years of Lyndon Johnson v4- Robert A. Caro - (2012, Knopf).epub",90.0,405253.0,,,,,,"Business, management",58979.0,910.0,4002.0,337.7108333333333,337.7108333333333,337.7108333333333,60.0,1140.0,0.05,21000.0,384253.0,337.0640350877193,False,406.268671679198,1455.3624525913442,2025,True,True,True,True,
finish_0143,Kissinger,2025-06-11,472.5,480.0,480.0,442.5,450.0,450.0,0.0,0.0,0.0,30.0,30.0,30.0,6,2025-06-01,2025-06-11,480.0,calendar_analysis_duration_with_compatible_overlap_restored,7.5,7.5,1,False,,,188154.0,local_file_word_count,high,"/Users/clarkbenham/side_projects/data/Books/On China - Kissinger, Henry.epub",80.0,188154.0,,,,,,Histories,0.0,0.0,0.0,391.9875,391.9875,391.9875,0.0,480.0,0.0,0.0,188154.0,391.9875,False,425.2067796610169,0.0,2025,True,True,True,True,
finish_0144,bureaucracy,2025-06-17,577.5,585.0,585.0,570.0,570.0,570.0,0.0,0.0,0.0,7.5,15.0,15.0,15,2025-06-09,2025-06-17,585.0,calendar_analysis_duration_with_compatible_overlap_restored,7.5,7.5,1,False,,,189570.0,local_file_word_count,high,/Users/clarkbenham/side_projects/data/Books/Bureaucracy _ what government agencies do and why they do it - James Q. Wilson - (2000).epub,80.0,189570.0,,,,,,"Business, management",1790.0,30.0,0.0,324.05128205128204,324.05128205128204,324.05128205128204,0.0,585.0,0.0,0.0,189570.0,324.05128205128204,False,332.57894736842104,94.42422324207416,2025,True,True,True,True,
finish_0147,how to improve your marriage without talking about it,2025-06-30,195.0,195.0,195.0,180.0,180.0,180.0,0.0,0.0,0.0,15.0,15.0,15.0,5,2025-02-01,2025-06-30,195.0,calendar_analysis_duration_with_compatible_overlap_restored,0.0,0.0,1,False,,,63296.0,local_file_word_count,high,"/Users/clarkbenham/side_projects/data/Books/How to Improve Your Marriage Without Talking About It - Patricia Love, Steven Stosny - (2008, Harmony).epub",90.0,63296.0,,,,,,General Reading,3922.0,85.0,20.0,324.5948717948718,324.5948717948718,324.5948717948718,0.0,195.0,0.0,0.0,63296.0,324.5948717948718,False,351.64444444444445,619.628412537917,2025,True,True,True,True,
finish_0149,Mathematics for Machine Learning,2025-07-09,1072.5,1102.5,1102.5,1027.5,1057.5,1057.5,0.0,0.0,0.0,45.0,45.0,45.0,43,2024-03-22,2025-07-09,1102.5,calendar_analysis_duration_with_compatible_overlap_restored,30.0,30.0,1,False,,,21167.0,local_file_word_count,high,/Users/clarkbenham/side_projects/data/Books/Mathematics for Machine Learning Soln.pdf,90.0,21167.0,,,,,,Machine Learning,0.0,0.0,0.0,19.19909297052154,19.19909297052154,19.19909297052154,0.0,1102.5,0.0,0.0,21167.0,19.19909297052154,False,20.600486618004865,0.0,2025,True,True,True,True,
finish_0153,failure is not an option,2025-07-28,517.5,540.0,540.0,472.5,495.0,495.0,0.0,0.0,0.0,45.0,45.0,45.0,9,2025-07-06,2025-07-28,540.0,calendar_analysis_duration_with_compatible_overlap_restored,22.5,22.5,1,False,,,164489.0,local_file_word_count,high,/Users/clarkbenham/side_projects/data/Books/Failure Is Not an Option_ Mission Control from Mercury to Apollo 13 and Beyond - Gene Kranz - Simon & Schuster (2000).epub,90.0,164489.0,,,,,,"Business, management",10259.0,186.0,316.0,304.60925925925926,304.60925925925926,304.60925925925926,0.0,540.0,0.0,0.0,164489.0,304.60925925925926,False,348.1248677248677,623.6891220689529,2025,True,True,True,True,
finish_0155,age of ambition,2025-08-02,172.5,210.0,180.0,142.5,150.0,150.0,0.0,0.0,0.0,30.0,60.0,30.0,7,2025-07-23,2025-08-02,180.0,calendar_analysis_duration_with_compatible_overlap_restored,37.5,7.5,1,False,,,154934.0,local_file_word_count,high,"/Users/clarkbenham/side_projects/data/Books/Age of Ambition_ Chasing Fortune, Truth, and Faith in the New China - Osnos, Evan - (2014, Farrar, Straus and Giroux).epub",90.0,154934.0,,,,,,Histories,3347.0,72.0,34.0,860.7444444444444,737.7809523809524,737.7809523809524,0.0,180.0,0.0,0.0,154934.0,860.7444444444444,False,1087.256140350877,216.02746976131772,2025,True,True,True,True,
finish_0156,Apple in China,2025-08-10,352.5,360.0,360.0,292.5,300.0,300.0,0.0,0.0,0.0,60.0,60.0,60.0,5,2025-08-09,2025-08-10,360.0,calendar_analysis_duration_with_compatible_overlap_restored,7.5,7.5,1,False,,,145857.0,local_file_word_count,high,"/Users/clarkbenham/side_projects/data/Books/Apple in China - Patrick McGee - (2025, Simon & Schuster UK).epub",90.0,145857.0,,,,,,"Business, management",2909.0,61.0,0.0,405.15833333333336,405.15833333333336,405.15833333333336,0.0,360.0,0.0,0.0,145857.0,405.15833333333336,False,498.65641025641025,199.44191913997957,2025,True,True,True,True,
finish_0157,the price of victory,2025-08-14,1237.5,1275.0,1275.0,1207.5,1245.0,1245.0,0.0,0.0,0.0,30.0,30.0,30.0,15,2025-08-11,2025-08-14,1275.0,calendar_analysis_duration_with_compatible_overlap_restored,37.5,37.5,1,False,,,444030.0,local_file_word_count,high,"/Users/clarkbenham/side_projects/data/Books/The Price of Victory - Rodger, N A M - (2024, Penguin Books Ltd).epub",90.0,444030.0,,,,,,Histories,36404.0,809.0,916.0,348.25882352941176,348.25882352941176,348.25882352941176,0.0,1275.0,0.0,0.0,444030.0,348.25882352941176,False,367.72670807453414,819.854514334617,2025,True,True,True,True,
finish_0159,Richard Nixon the Life,2025-09-11,922.5,930.0,930.0,817.5,825.0,825.0,0.0,0.0,0.0,105.0,105.0,105.0,12,2025-08-16,2025-09-11,930.0,calendar_analysis_duration_with_compatible_overlap_restored,7.5,7.5,1,False,,,326023.0,local_file_word_count,high,"/Users/clarkbenham/side_projects/data/Books/Richard Nixon_ The Life - Farrell, John Aloysius_Nixon, Richard Milhous - (2017, Knopf Doubleday Publishing Group).epub",90.0,326023.0,,,,,,Histories,32162.0,649.0,2086.0,350.56236559139785,350.56236559139785,350.56236559139785,0.0,930.0,0.0,0.0,326023.0,350.56236559139785,False,398.80489296636085,986.4948178502744,2025,True,True,True,True,
finish_0165,DFW_TV.pdf,2025-10-09,97.5,105.0,105.0,82.5,90.0,90.0,0.0,0.0,0.0,15.0,15.0,15.0,4,2025-10-06,2025-10-09,105.0,calendar_analysis_duration_with_compatible_overlap_restored,7.5,7.5,1,False,,,111925.0,metadata_pages_x_words_per_page,medium,,0.0,,,,,407.0,111925.0,Literature,0.0,0.0,0.0,1065.952380952381,1065.952380952381,1065.952380952381,0.0,105.0,0.0,0.0,111925.0,1065.952380952381,False,1356.6666666666667,0.0,2025,True,False,True,True,
finish_0166,my early life,2025-10-14,390.0,405.0,405.0,307.5,315.0,315.0,0.0,0.0,0.0,82.5,90.0,90.0,8,2025-10-12,2025-10-14,405.0,calendar_analysis_duration_with_compatible_overlap_restored,15.0,15.0,1,False,,,124256.0,local_file_word_count,high,/Users/clarkbenham/side_projects/data/Books/My Early Life  1872 to 1904 - Churchill.epub,90.0,124256.0,,,,,,Histories,18816.0,336.0,308.0,306.80493827160495,306.80493827160495,306.80493827160495,0.0,405.0,0.0,0.0,124256.0,306.80493827160495,False,404.08455284552844,1514.2930723667266,2025,True,True,True,True,
finish_0167,the second world war,2025-10-21,1777.5,1815.0,1815.0,1575.0,1605.0,1605.0,0.0,0.0,0.0,202.5,210.0,210.0,18,2025-10-15,2025-10-21,1815.0,calendar_analysis_duration_with_compatible_overlap_restored,37.5,37.5,1,False,,,462971.0,local_file_word_count,high,"/Users/clarkbenham/side_projects/data/Books/The Second World War_ Abridged Edition, With an Epilogue on the Years 1945 to 1957 - Churchill.epub",90.0,462971.0,,,,,,Histories,29991.0,598.0,1434.0,255.08044077134986,255.08044077134986,255.08044077134986,0.0,1815.0,0.0,0.0,462971.0,255.08044077134986,False,293.9498412698413,647.7943542900096,2025,True,True,True,True,
finish_0168,six crises,2025-10-25,450.0,450.0,450.0,390.0,390.0,390.0,0.0,0.0,0.0,60.0,60.0,60.0,10,2025-10-09,2025-10-25,450.0,calendar_analysis_duration_with_compatible_overlap_restored,0.0,0.0,1,False,,,207429.0,local_file_word_count,high,"/Users/clarkbenham/side_projects/data/Books/Six Crises -  Nixon, Richard - (Simon & Schuster).epub",90.0,207429.0,,,,,,Histories,11087.0,199.0,744.0,460.9533333333333,460.9533333333333,460.9533333333333,0.0,450.0,0.0,0.0,207429.0,460.9533333333333,False,531.8692307692307,534.4961408481938,2025,True,True,True,True,
finish_0170,thoughts and adventures,2025-11-03,255.0,255.0,255.0,0.0,0.0,0.0,0.0,0.0,0.0,255.0,255.0,255.0,1,2025-11-03,2025-11-03,255.0,calendar_analysis_duration_with_compatible_overlap_restored,0.0,0.0,1,False,,,86189.0,local_file_word_count,high,/Users/clarkbenham/side_projects/data/Books/Thoughts and Adventures by Winston Churchill.epub,90.0,86189.0,,,,,,Histories,8584.0,141.0,78.0,337.99607843137255,337.99607843137255,337.99607843137255,0.0,255.0,0.0,0.0,86189.0,337.99607843137255,False,inf,995.9507593776468,2025,True,True,True,True,
finish_0171,revolt in the desert,2025-11-10,700.0,715.0,715.0,610.0,625.0,625.0,0.0,0.0,0.0,90.0,90.0,90.0,14,2025-11-07,2025-11-10,715.0,calendar_analysis_duration_with_compatible_overlap_restored,15.0,15.0,1,False,,,134335.0,local_file_word_count,high,/Users/clarkbenham/side_projects/data/Books/ Revolt in the Desert by T E Lawrence.epub,90.0,134335.0,,,,,,Histories,6817.0,112.0,2.0,187.88111888111888,187.88111888111888,187.88111888111888,0.0,715.0,0.0,0.0,134335.0,187.88111888111888,False,220.22131147540983,507.46268656716416,2025,True,True,True,True,
finish_0174,the power broker,2025-12-04,682.5,1170.0,1132.5,127.5,135.0,135.0,510.0,945.0,907.5,45.0,90.0,90.0,18,2025-06-05,2025-12-04,1132.5,calendar_analysis_duration_with_compatible_overlap_restored,487.5,450.0,1,False,,,697127.0,local_file_word_count,high,/Users/clarkbenham/side_projects/data/Books/The Power Broker_ Robert Moses and the Fall of New York  -Robert A. Caro -1975.epub,90.0,697127.0,,,,,,"Business, management",4297.0,68.0,76.0,615.5646799116997,595.8350427350427,595.8350427350427,907.5,225.0,0.8013245033112583,317625.0,379502.0,1686.6755555555555,True,5467.6627450980395,61.63869710970884,2025,True,True,True,False,
finish_0175,Shape Up Stop Running in Circles and Ship Work that Matters,2025-12-05,82.5,105.0,105.0,67.5,75.0,75.0,0.0,0.0,0.0,15.0,30.0,30.0,4,2025-12-04,2025-12-05,105.0,calendar_analysis_duration_with_compatible_overlap_restored,22.5,22.5,1,False,,,32398.0,local_file_word_count,high,/Users/clarkbenham/side_projects/data/Books/Shape Up_ Stop Running in Circles and Ship Work that Matters -  Ryan Singer - (2019).pdf,90.0,32398.0,,,,,,Computer Science,0.0,0.0,0.0,308.55238095238093,308.55238095238093,308.55238095238093,0.0,105.0,0.0,0.0,32398.0,308.55238095238093,False,479.97037037037035,0.0,2025,True,True,True,True,
finish_0176,to say nothing of the dog,2025-12-08,447.5,499.99999999999994,455.0,327.50000000000006,380.00000000000006,335.00000000000006,0.0,0.0,0.0,120.0,120.0,120.0,8,2025-12-07,2025-12-08,455.0,calendar_analysis_duration_with_compatible_overlap_restored,52.49999999999994,7.5,1,False,,,186975.0,local_file_word_count,high,"/Users/clarkbenham/side_projects/data/Books/To say nothing of the dog, or, How we found the bishop's -- Oxford Time Travel  02 -- Connie Willis 1998 -- Bantam Books .epub",90.0,186975.0,,,,,,fiction,0.0,0.0,0.0,410.9340659340659,373.95000000000005,373.95000000000005,0.0,455.0,0.0,0.0,186975.0,410.9340659340659,False,570.9160305343511,0.0,2025,True,True,True,True,
finish_0178,the world crisis,2025-12-27,622.5,675.0,645.0,442.5,450.0,450.0,165.0,210.0,180.0,15.0,15.0,15.0,15,2025-12-16,2025-12-27,645.0,calendar_analysis_duration_with_compatible_overlap_restored,52.5,22.5,1,False,,,210877.0,local_file_word_count,high,/Users/clarkbenham/side_projects/data/Books/the world crisis abriged - Winston Churchill.epub,90.0,210877.0,,,,,,Histories,1692.0,33.0,0.0,326.94108527131783,312.41037037037034,312.41037037037034,180.0,465.0,0.27906976744186046,63000.0,147877.0,318.01505376344085,False,476.5581920903955,80.23634630614055,2025,True,True,True,True,
finish_0179,the world crisis volume 2,2026-01-04,895.0000000000001,977.5,977.5,677.5000000000001,692.5000000000001,692.5000000000001,67.5,135.0,135.0,150.0,150.0,150.0,17,2026-01-01,2026-01-05,977.5,calendar_analysis_duration_with_compatible_overlap_restored,82.5,82.5,1,False,,,203721.0,local_file_word_count,high,/Users/clarkbenham/side_projects/data/Books/The World Crisis - Churchill Winston - Volume 3_ 1916-1918.mobi,85.0,203721.0,,,,,,Histories,7976.0,146.0,46.0,208.41023017902813,208.41023017902813,208.41023017902813,135.0,842.5,0.13810741687979539,47250.0,156471.0,185.72225519287835,False,300.6952029520295,391.5158476543901,2026,True,True,True,True,
finish_0180,the world crisis vol 3,2026-01-07,427.5,480.0,427.5,390.0,420.0,390.0,0.0,0.0,0.0,37.5,60.0,37.5,6,2026-01-06,2026-01-08,427.5,calendar_analysis_duration_with_compatible_overlap_restored,52.5,0.0,1,False,,,203721.0,local_file_word_count,high,/Users/clarkbenham/side_projects/data/Books/The World Crisis - Churchill Winston - Volume 3_ 1916-1918.mobi,85.0,203721.0,,,,,,Histories,7976.0,146.0,46.0,476.54035087719296,424.41875,424.41875,0.0,427.5,0.0,0.0,203721.0,476.54035087719296,False,522.3615384615384,391.5158476543901,2026,True,True,True,True,
finish_0181,the world crisis volume 4,2026-01-10,712.5,720.0,720.0,682.5,690.0,690.0,0.0,0.0,0.0,30.0,30.0,30.0,9,2026-01-09,2026-01-10,720.0,calendar_analysis_duration_with_compatible_overlap_restored,7.5,7.5,1,False,,,164311.0,local_file_word_count,high,/Users/clarkbenham/side_projects/data/Books/The World Crisis. Volume 4_ The Aftermath - Churchill Winston.mobi,90.0,164311.0,,,,,,Histories,0.0,0.0,0.0,228.2097222222222,228.2097222222222,228.2097222222222,0.0,720.0,0.0,0.0,164311.0,228.2097222222222,False,240.74871794871794,0.0,2026,True,True,True,True,
finish_0182,the history of the English speaking peoples volume 4,2026-01-11,905.0,1110.0,1110.0,720.0,735.0,735.0,154.99999999999997,315.0,315.0,30.0,60.0,60.0,18,2025-11-15,2026-01-11,1110.0,calendar_analysis_duration_with_compatible_overlap_restored,205.0000000000001,205.0000000000001,1,False,,,124300.0,local_file_word_count,high,"data/Books/The Great Democracies_ A History of the English-Speaking Peoples, Volume IV - Churchill, Winston Spencer - (2005, Barnes & Noble).epub",100.0,124300.0,,,,,,Histories,4348.0,87.0,12.0,111.98198198198199,111.98198198198199,111.98198198198199,315.0,795.0,0.28378378378378377,110250.0,14050.0,17.67295597484277,True,172.63888888888889,349.798873692679,2026,True,True,True,False,
finish_0183,going postal,2026-01-14,285.0,285.0,285.0,135.0,135.0,135.0,0.0,0.0,0.0,150.0,150.0,150.0,2,2026-01-13,2026-01-14,285.0,calendar_analysis_duration_with_compatible_overlap_restored,0.0,0.0,1,False,,,121922.0,local_file_word_count,high,"/Users/clarkbenham/side_projects/data/Books/Going Postal [Discworld 33] - Terry Pratchett - (2009, HarperCollins).epub",90.0,121922.0,,,,,,fiction,0.0,0.0,0.0,427.7964912280702,427.7964912280702,427.7964912280702,0.0,285.0,0.0,0.0,121922.0,427.7964912280702,False,903.1259259259259,0.0,2026,True,True,True,True,
finish_0184,Now It Can Be Told,2026-01-19,217.5,360.0,270.0,15.0,15.0,15.0,172.5,315.0,225.0,30.0,30.0,30.0,7,2025-07-06,2026-01-19,270.0,calendar_analysis_duration_with_compatible_overlap_restored,142.5,52.5,1,False,,,168544.0,local_file_word_count,high,"/Users/clarkbenham/side_projects/data/Books/Now it can be told _ the story of the Manhattan Project - Groves , Leslie R - (1983, Da Capo Press).epub",90.0,168544.0,,,,,,"Business, management",16.0,1.0,0.0,624.237037037037,468.1777777777778,468.1777777777778,225.0,45.0,0.8333333333333334,78750.0,89794.0,1995.4222222222222,True,11236.266666666666,0.9493070058857034,2026,True,True,True,False,
finish_0186,it's better to be feared,2026-01-24,743.9416666666667,765.0,765.0,638.9416666666667,660.0,660.0,0.0,0.0,0.0,105.0,105.0,105.0,12,2026-01-20,2026-01-24,765.0,calendar_analysis_duration_with_compatible_overlap_restored,21.05833333333328,21.05833333333328,1,False,,,193830.0,local_file_word_count,high,"/Users/clarkbenham/side_projects/data/Books/It's Better to Be Feared_ The New England Patriots Dynasty and the Pursuit of Greatness - Seth Wickersham - (2021, Liveright).epub",90.0,193830.0,,,,,,General Reading,24434.0,423.0,738.0,253.37254901960785,253.37254901960785,253.37254901960785,0.0,765.0,0.0,0.0,193830.0,253.37254901960785,False,303.3610266977945,1260.589176082134,2026,True,True,True,True,
finish_0187,the effective executive,2026-01-29,97.5,150.0,150.0,22.5,30.0,30.0,60.0,90.0,90.0,15.0,30.0,30.0,7,2025-01-22,2026-01-30,150.0,calendar_analysis_duration_with_compatible_overlap_restored,52.5,52.5,1,False,,,66884.0,local_file_word_count,high,"/Users/clarkbenham/side_projects/data/Books/The Effective Executive_ The Definitive Guide to Getting the Right Things Done - Peter F. Drucker, Jim Collins - (2017, HarperBusiness).epub",90.0,66884.0,,,,,,"Business, management",1457.0,29.0,0.0,445.8933333333333,445.8933333333333,445.8933333333333,90.0,60.0,0.6,31500.0,35384.0,589.7333333333333,True,2972.6222222222223,217.83984211470604,2026,True,True,True,False,
finish_0188,the best and brightest,2026-02-02,1314.9999999999998,1350.0,1329.9999999999998,1284.9999999999998,1320.0,1299.9999999999998,0.0,0.0,0.0,30.0,30.0,30.0,23,2026-01-22,2026-02-02,1329.9999999999998,calendar_analysis_duration_with_compatible_overlap_restored,35.00000000000023,15.0,1,False,,,352433.0,local_file_word_count,high,"/Users/clarkbenham/side_projects/data/Books/The Best and the Brightest - David Halberstam - (2001, Modern Library).epub",85.0,352433.0,,,,,,Histories,58409.0,876.0,904.0,264.98721804511285,261.0614814814815,261.0614814814815,0.0,1329.9999999999998,0.0,0.0,352433.0,264.98721804511285,False,274.26692607003895,1657.3079138446174,2026,True,True,True,True,
finish_0189,good omens,2026-02-08,405.0,405.0,405.0,210.0,210.0,210.0,0.0,0.0,0.0,195.0,195.0,195.0,6,2021-09-22,2026-02-08,405.0,calendar_analysis_duration_with_compatible_overlap_restored,0.0,0.0,1,False,,,108262.0,local_file_word_count,high,"/Users/clarkbenham/side_projects/data/Books/Good Omens - Pratchett, Terry _ Gaiman, Neil.pdf",90.0,108262.0,,,,,,fiction,0.0,0.0,0.0,267.3135802469136,267.3135802469136,267.3135802469136,0.0,405.0,0.0,0.0,108262.0,267.3135802469136,False,515.5333333333333,0.0,2026,True,True,True,True,
finish_0190,prime movers of globalization,2026-02-09,307.5,315.0,315.0,262.5,270.0,270.0,0.0,0.0,0.0,45.0,45.0,45.0,10,2025-11-17,2026-02-09,315.0,calendar_analysis_duration_with_compatible_overlap_restored,7.5,7.5,1,False,,,89140.0,local_file_word_count,high,"/Users/clarkbenham/side_projects/data/Books/eleven_upload/Business, management/Prime Movers of Globalization.epub",100.0,89140.0,,,,,,"Business, management",7240.0,145.0,40.0,282.984126984127,282.984126984127,282.984126984127,0.0,315.0,0.0,0.0,89140.0,282.984126984127,False,339.5809523809524,812.2055194076733,2026,True,True,True,True,
finish_0191,shoe dog,2026-02-11,352.5,360.0,360.0,345.0,345.0,345.0,0.0,0.0,0.0,7.5,15.0,15.0,3,2026-02-10,2026-02-11,360.0,calendar_analysis_duration_with_compatible_overlap_restored,7.5,7.5,1,False,,,126187.0,local_file_word_count,high,"/Users/clarkbenham/side_projects/data/Books/Shoe Dog_ A Memoir by the Creator of Nike - Nike (Firm)_Knight, Philip H - (2018_2016, Scribner).epub",90.0,126187.0,,,,,,"Business, management",19891.0,325.0,866.0,350.51944444444445,350.51944444444445,350.51944444444445,0.0,360.0,0.0,0.0,126187.0,350.51944444444445,False,365.7594202898551,1576.3113474446654,2026,True,True,True,True,
finish_0192,the billionaire and the mechanic,2026-02-14,465.0,480.0,480.0,360.0,375.0,375.0,0.0,0.0,0.0,105.0,105.0,105.0,4,2026-02-13,2026-02-14,480.0,calendar_analysis_duration_with_compatible_overlap_restored,15.0,15.0,1,False,,,142997.0,local_file_word_count,high,"/Users/clarkbenham/side_projects/data/Books/The billionaire and the mechanic_ how Larry Ellison and a car mechanic teamed up to win sailing's greatest race, the America's -  Bajurin, Norbert_Ellison, Larry_Guthrie, Julian - (2014, Grove Atlantic_Grove Press).epub",90.0,142997.0,,,,,,General Reading,16057.0,274.0,828.0,297.91041666666666,297.91041666666666,297.91041666666666,0.0,480.0,0.0,0.0,142997.0,297.91041666666666,False,397.2138888888889,1122.890690014476,2026,True,True,True,True,
finish_0195,night watch,2026-03-05,322.5,322.5,322.5,300.0,300.0,300.0,0.0,0.0,0.0,22.5,22.5,22.5,6,2026-03-01,2026-03-05,322.5,calendar_analysis_duration_with_compatible_overlap_restored,0.0,0.0,1,False,,,114186.0,local_file_word_count,high,"/Users/clarkbenham/side_projects/data/Books/Night Watch [Discworld 29 ] - Terry, Pratchett (2010).epub",90.0,114186.0,,,,,,fiction,0.0,0.0,0.0,354.06511627906974,354.06511627906974,354.06511627906974,0.0,322.5,0.0,0.0,114186.0,354.06511627906974,False,380.62,0.0,2026,True,True,True,True,
finish_0197,fall of Hyperion,2026-03-11,652.5,660.0,660.0,495.0,495.0,495.0,0.0,0.0,0.0,157.5,165.0,165.0,6,2026-03-10,2026-03-11,660.0,calendar_analysis_duration_with_compatible_overlap_restored,7.5,7.5,1,False,,,190753.0,local_file_word_count,high,"/Users/clarkbenham/side_projects/data/Books/Hyperion Cantos [02] - The Fall of Hyperion - [Hyperion Cantos _2] Simmons, Dan - (1990, Spectra).epub",90.0,190753.0,,,,,,fiction,0.0,0.0,0.0,289.01969696969695,289.01969696969695,289.01969696969695,0.0,660.0,0.0,0.0,190753.0,289.01969696969695,False,385.35959595959594,0.0,2026,True,True,True,True,
finish_0201,Churchill: Walking with Destiny,2026-04-24,2630.0,2985.0,2727.5,2585.0,2940.0,2682.5,0.0,0.0,0.0,45.0,45.0,45.0,37,2026-03-20,2026-04-26,2727.5,calendar_analysis_duration_with_compatible_overlap_restored,355.0,97.5,1,False,,,513344.0,local_file_word_count,high,"/Users/clarkbenham/side_projects/data/Books/Churchill_ Walking with Destiny - Andrew Roberts - (2018, Allen Lane).epub",90.0,513344.0,,,,,,,42827.0,999.0,1528.0,188.21044912923924,171.9745393634841,171.9745393634841,0.0,2727.5,0.0,0.0,513344.0,188.21044912923924,False,198.58568665377177,834.2748722104476,2026,True,True,True,True,
finish_0202,churchill the power of words,2026-05-07,517.5,532.5,532.5,487.5,502.5,502.5,0.0,0.0,0.0,30.0,30.0,30.0,9,2026-02-15,2026-05-07,532.5,calendar_analysis_duration_with_compatible_overlap_restored,15.0,15.0,1,False,,,175294.0,local_file_word_count,high,"/Users/clarkbenham/side_projects/data/Books/Churchill _ the power of words _ his remarkable life recounted through his writings and speeches _ 200 readings - Churchill, Winston S_ Gilbert, Martin (Editor) - (2014, Da Capo Press_Bantam Press).epub",90.0,175294.0,,,,,,,0.0,0.0,0.0,329.1906103286385,329.1906103286385,329.1906103286385,0.0,532.5,0.0,0.0,175294.0,329.1906103286385,False,359.5774358974359,0.0,2026,True,True,True,True,
finish_0203,the nvidia way,2026-05-13,112.5,210.0,210.0,30.0,60.0,60.0,67.5,120.0,120.0,15.0,30.0,30.0,5,2026-04-26,2026-05-13,210.0,calendar_analysis_duration_with_compatible_overlap_restored,97.5,97.5,1,False,,,86380.0,local_file_word_count,high,"/Users/clarkbenham/side_projects/data/Books/The Nvidia Way_ Jensen Huang and the Making of a Tech Giant - Tae Kim - (2024, W. W. Norton & Company).epub",90.0,86380.0,,,,,,,0.0,0.0,0.0,411.3333333333333,411.3333333333333,411.3333333333333,120.0,90.0,0.5714285714285714,42000.0,44380.0,493.1111111111111,True,2879.3333333333335,0.0,2026,True,True,True,False,
finish_0204,managing the professional services firm,2026-05-14,397.5,420.0,420.0,382.5,405.0,405.0,0.0,0.0,0.0,15.0,15.0,15.0,14,2026-04-28,2026-05-14,420.0,calendar_analysis_duration_with_compatible_overlap_restored,22.5,22.5,1,False,,,118025.0,local_file_word_count,high,"/Users/clarkbenham/side_projects/data/Books/Managing the professional service firm - Maister, David H. - (2014, Free Press).epub",80.0,118025.0,,,,,,,11195.0,226.0,98.0,281.01190476190476,281.01190476190476,281.01190476190476,0.0,420.0,0.0,0.0,118025.0,281.01190476190476,False,308.562091503268,948.5278542681635,2026,True,True,True,True,
